Workbook
Name \A: #REF!
Name \A: #REF!
Name \C: #REF!
Name \C: #REF!
Name \F: #REF!
Name \F: #REF!
Name \G: #REF!
Name \G: #REF!
Name \p: #REF!
Name \p: #REF!
Name \Q: #REF!
Name \Q: #REF!
Name \Z: #REF!
Name \Z: #REF!
Name _?: #REF!
Name _?: #REF!
Name __: #REF!
Name __: #REF!
Name __?: #REF!
Name __?: #REF!
Name ___?: #REF!
Name ___?: #REF!
Name ____?: #REF!
Name ____?: #REF!
Name _____?: #REF!
Name _____?: #REF!
Name ______?: #REF!
Name ______?: #REF!
Name _______?: #REF!
Name _______?: #REF!
Name ________?: #REF!
Name ________?: #REF!
Name _________?: #REF!
Name _________?: #REF!
Name __________?: #REF!
Name __________?: #REF!
Name ____________________MAX61: #REF!
Name ____________________MAX61: #REF!
Name ___________________acv456: #N/A
Name ___________________MAX61: #REF!
Name ___________________MAX61: #REF!
Name __________________acv456: #N/A
Name __________________MAX61: #REF!
Name __________________MAX61: #REF!
Name _________________acv456: #N/A
Name _________________MAX61: #REF!
Name _________________MAX61: #REF!
Name ________________acv456: #N/A
Name ________________awe122: #REF!
Name ________________awe122: #REF!
Name ________________MAX61: #REF!
Name ________________MAX61: #REF!
Name _______________acv456: #REF!
Name _______________acv456: #REF!
Name _______________acv456: #REF!
Name _______________acv456: #REF!
Name _______________acv456: #REF!
Name _______________acv456: #REF!
Name _______________acv456: #REF!
Name _______________acv456: #REF!

Sheet Capacity
A1: SUMMARY OF TREATMENT CAPACITY
A2: BASED ON WEEKLY PRODUCTION, UNSCHEDULE ORDERS & RCCP
B4: CURRENT WEEK | V4: SEPT | Y4: OCTOBER | AN4: NOVEMBER | AQ4: =Embroidery!#REF! -> #REF! | AT4: =Embroidery!#REF! -> #REF! | AW4: =Embroidery!#REF! -> #REF! | AZ4: DECEMBER | BL4: JANUARY | CA4: FEBRUARY | CM4: MARCH
J5: ='Screen Printing'!J90 -> W. PROD 36 | M5: ='Screen Printing'!M90 -> W. PROD 37 | P5: ='Screen Printing'!P90 -> W. PROD 38 | S5: ='Screen Printing'!S90 -> W. PROD 39 | V5: W39 | Y5: W40 | AB5: W41 | AE5: W42 | AH5: W43 | AK5: W44 | AN5: W45 | AQ5: W46 | AT5: W47 | AW5: W48 | AZ5: W49 | BC5: W50 | BF5: W51 | BI5: W52 | BL5: W1 | BO5: W2 | BR5: W3 | BU5: W4 | BX5: W5 | CA5: W6 | CD5: W7 | CG5: W8 | CJ5: W9 | CM5: W10 | CP5: W11 | CS5: W12 | CV5: W13
A6: SCREEN PRINTING | C6: TOTAL MEJA SABLON | D6: 31 | G6: BALANCE/WEEK | J6: ='Screen Printing'!J91 -> 0 | M6: ='Screen Printing'!M91 -> 12473 | P6: ='Screen Printing'!P91 -> 43498 | S6: ='Screen Printing'!S91 -> 103641 | V6: {=INDEX('Screen Printing'!$V91:$ZZ91,1,1+INT((COLUMN()-COLUMN($V$112))/3)*4)} -> 159612 | Y6: {=INDEX('Screen Printing'!$V91:$ZZ91,1,1+INT((COLUMN()-COLUMN($V$112))/3)*4)} -> 115413 | AB6: {=INDEX('Screen Printing'!$V91:$ZZ91,1,1+INT((COLUMN()-COLUMN($V$112))/3)*4)} -> 216030 | AE6: {=INDEX('Screen Printing'!$V91:$ZZ91,1,1+INT((COLUMN()-COLUMN($V$112))/3)*4)} -> 213024 | AH6: {=INDEX('Screen Printing'!$V91:$ZZ91,1,1+INT((COLUMN()-COLUMN($V$112))/3)*4)} -> 148344 | AK6: {=INDEX('Screen Printing'!$V91:$ZZ91,1,1+INT((COLUMN()-COLUMN($V$112))/3)*4)} -> 57612 | AN6: ='Screen Printing'!BI91 -> 257746.5 | AQ6: ='Screen Printing'!BM91 -> 39700.5 | AT6: =INDEX('Screen Printing'!$BY91:$ZZ91,1,1+INT((COLUMN()-COLUMN($AT$100))/3)*4) -> 182037 | AW6: =INDEX('Screen Printing'!$BY91:$ZZ91,1,1+INT((COLUMN()-COLUMN($AT$100))/3)*4) -> 210093 | AZ6: =INDEX('Screen Printing'!$BY91:$ZZ91,1,1+INT((COLUMN()-COLUMN($AT$100))/3)*4) -> 171018 | BC6: =INDEX('Screen Printing'!$BY91:$ZZ91,1,1+INT((COLUMN()-COLUMN($AT$100))/3)*4) -> 203730 | BF6: =INDEX('Screen Printing'!$BY91:$ZZ91,1,1+INT((COLUMN()-COLUMN($AT$100))/3)*4) -> 136116 | BI6: =INDEX('Screen Printing'!$BY91:$ZZ91,1,1+INT((COLUMN()-COLUMN($AT$100))/3)*4) -> 210153.6 | BL6: =INDEX('Screen Printing'!$BY91:$ZZ91,1,1+INT((COLUMN()-COLUMN($AT$100))/3)*4) -> 253099.8 | BO6: =INDEX('Screen Printing'!$BY91:$ZZ91,1,1+INT((COLUMN()-COLUMN($AT$100))/3)*4) -> 178735.8 | BR6: =INDEX('Screen Printing'!$BY91:$ZZ91,1,1+INT((COLUMN()-COLUMN($AT$100))/3)*4) -> 173695.8 | BU6: =INDEX('Screen Printing'!$BY91:$ZZ91,1,1+INT((COLUMN()-COLUMN($AT$100))/3)*4) -> 176923.8 | BX6: =INDEX('Screen Printing'!$BY91:$ZZ91,1,1+INT((COLUMN()-COLUMN($AT$100))/3)*4) -> 229123.2 | CA6: =INDEX('Screen Printing'!$BY91:$ZZ91,1,1+INT((COLUMN()-COLUMN($AT$100))/3)*4) -> 206524.5 | CD6: =INDEX('Screen Printing'!$BY91:$ZZ91,1,1+INT((COLUMN()-COLUMN($AT$100))/3)*4) -> 205510.5 | CG6: =INDEX('Screen Printing'!$BY91:$ZZ91,1,1+INT((COLUMN()-COLUMN($AT$100))/3)*4) -> 201760.5 | CJ6: =INDEX('Screen Printing'!$BY91:$ZZ91,1,1+INT((COLUMN()-COLUMN($AT$100))/3)*4) -> 159706.5 | CM6: =INDEX('Screen Printing'!$BY91:$ZZ91,1,1+INT((COLUMN()-COLUMN($AT$100))/3)*4) -> 252373.5 | CP6: =INDEX('Screen Printing'!$BY91:$ZZ91,1,1+INT((COLUMN()-COLUMN($AT$100))/3)*4) -> 253585.5 | CS6: =INDEX('Screen Printing'!$BY91:$ZZ91,1,1+INT((COLUMN()-COLUMN($AT$100))/3)*4) -> 252757.5 | CV6: =INDEX('Screen Printing'!$BY91:$ZZ91,1,1+INT((COLUMN()-COLUMN($AT$100))/3)*4) -> 237520.5
C7: ADD (25 M) | D7: 10 | G7: SHIFT | J7: ='Screen Printing'!J92 -> 0 | M7: ='Screen Printing'!M92 -> 0 | P7: ='Screen Printing'!P92 -> 0 | S7: ='Screen Printing'!S92 -> 10.99564 | V7: 3 | Y7: 3 | AB7: 3 | AE7: 3 | AH7: 3 | AK7: 3 | AN7: 3 | AQ7: 3 | AT7: 3 | AW7: 3 | AZ7: 3 | BC7: 3 | BF7: 3 | BI7: 3 | BL7: 3 | BO7: 3 | BR7: 3 | BU7: 3 | BX7: 3 | CA7: 3 | CD7: 3 | CG7: 3 | CJ7: 3 | CM7: 3 | CP7: 3 | CS7: 3 | CV7: 3
C8: TOTAL MEJA SABLON | D8: =SUM(D6:D7) -> 41 | G8: JAM KERJA | J8: ='Screen Printing'!J93 -> 31 | M8: ='Screen Printing'!M93 -> 31 | P8: ='Screen Printing'!P93 -> 31 | S8: ='Screen Printing'!S93 -> 31 | V8: 21 | Y8: 21 | AB8: 21 | AE8: 21 | AH8: 21 | AK8: 21 | AN8: 21 | AQ8: 21 | AT8: 21 | AW8: 21 | AZ8: 21 | BC8: 21 | BF8: 21 | BI8: 21 | BL8: 21 | BO8: 21 | BR8: 21 | BU8: 21 | BX8: 21 | CA8: 21 | CD8: 21 | CG8: 21 | CJ8: 21 | CM8: 21 | CP8: 21 | CS8: 21 | CV8: 21
G9: +/- | J9: ='Screen Printing'!J94 -> 31 | M9: ='Screen Printing'!M94 -> 31 | P9: ='Screen Printing'!P94 -> 31 | S9: ='Screen Printing'!S94 -> 20.00436 | V9: {=INDEX('Screen Printing'!$V94:$ZZ94,1,1+INT((COLUMN()-COLUMN($V$112))/3)*4)} -> -3.5 | Y9: {=INDEX('Screen Printing'!$V94:$ZZ94,1,1+INT((COLUMN()-COLUMN($V$112))/3)*4)} -> 4.5 | AB9: {=INDEX('Screen Printing'!$V94:$ZZ94,1,1+INT((COLUMN()-COLUMN($V$112))/3)*4)} -> -2 | AE9: {=INDEX('Screen Printing'!$V94:$ZZ94,1,1+INT((COLUMN()-COLUMN($V$112))/3)*4)} -> -2 | AH9: {=INDEX('Screen Printing'!$V94:$ZZ94,1,1+INT((COLUMN()-COLUMN($V$112))/3)*4)} -> 6 | AK9: {=INDEX('Screen Printing'!$V94:$ZZ94,1,1+INT((COLUMN()-COLUMN($V$112))/3)*4)} -> 19 | AN9: ='Screen Printing'!BI94 -> -7 | AQ9: ='Screen Printing'!BM94 -> 19 | AT9: =INDEX('Screen Printing'!$BY94:$ZZ94,1,1+INT((COLUMN()-COLUMN($AT$100))/3)*4) -> 3.5 | AW9: =INDEX('Screen Printing'!$BY94:$ZZ94,1,1+INT((COLUMN()-COLUMN($AT$100))/3)*4) -> -1 | AZ9: =INDEX('Screen Printing'!$BY94:$ZZ94,1,1+INT((COLUMN()-COLUMN($AT$100))/3)*4) -> -2 | BC9: =INDEX('Screen Printing'!$BY94:$ZZ94,1,1+INT((COLUMN()-COLUMN($AT$100))/3)*4) -> 0.5 | BF9: =INDEX('Screen Printing'!$BY94:$ZZ94,1,1+INT((COLUMN()-COLUMN($AT$100))/3)*4) -> 4.5 | BI9: =INDEX('Screen Printing'!$BY94:$ZZ94,1,1+INT((COLUMN()-COLUMN($AT$100))/3)*4) -> -7.5 | BL9: =INDEX('Screen Printing'!$BY94:$ZZ94,1,1+INT((COLUMN()-COLUMN($AT$100))/3)*4) -> -9.5 | BO9: =INDEX('Screen Printing'!$BY94:$ZZ94,1,1+INT((COLUMN()-COLUMN($AT$100))/3)*4) -> 0.5 | BR9: =INDEX('Screen Printing'!$BY94:$ZZ94,1,1+INT((COLUMN()-COLUMN($AT$100))/3)*4) -> 3 | BU9: =INDEX('Screen Printing'!$BY94:$ZZ94,1,1+INT((COLUMN()-COLUMN($AT$100))/3)*4) -> 3 | BX9: =INDEX('Screen Printing'!$BY94:$ZZ94,1,1+INT((COLUMN()-COLUMN($AT$100))/3)*4) -> 2 | CA9: =INDEX('Screen Printing'!$BY94:$ZZ94,1,1+INT((COLUMN()-COLUMN($AT$100))/3)*4) -> -6.5 | CD9: =INDEX('Screen Printing'!$BY94:$ZZ94,1,1+INT((COLUMN()-COLUMN($AT$100))/3)*4) -> -2 | CG9: =INDEX('Screen Printing'!$BY94:$ZZ94,1,1+INT((COLUMN()-COLUMN($AT$100))/3)*4) -> 0.5 | CJ9: =INDEX('Screen Printing'!$BY94:$ZZ94,1,1+INT((COLUMN()-COLUMN($AT$100))/3)*4) -> 1 | CM9: =INDEX('Screen Printing'!$BY94:$ZZ94,1,1+INT((COLUMN()-COLUMN($AT$100))/3)*4) -> -4 | CP9: =INDEX('Screen Printing'!$BY94:$ZZ94,1,1+INT((COLUMN()-COLUMN($AT$100))/3)*4) -> -4.5 | CS9: =INDEX('Screen Printing'!$BY94:$ZZ94,1,1+INT((COLUMN()-COLUMN($AT$100))/3)*4) -> -12 | CV9: =INDEX('Screen Printing'!$BY94:$ZZ94,1,1+INT((COLUMN()-COLUMN($AT$100))/3)*4) -> -1
G10: AVERAGE | V10: =AVERAGE(V9) -> -3.5 | Y10: =AVERAGE(Y9:AM9) -> 5.1 | AB10: =SUM(AB6:AP6) -> 892756.5 | AN10: =AVERAGE(AN9:AY9) -> 3.625 | AQ10: =SUM(AQ6:BB6) -> 602848.5 | AZ10: =AVERAGE(AZ9:BK9) -> -1.125 | BC10: =SUM(BC6:BN6) -> 803099.4 | BL10: =AVERAGE(BL9:BZ9) -> -0.2 | BO10: =SUM(BO6:CC6) -> 965003.1 | CA10: =AVERAGE(CA9:CL9) -> -1.75 | CD10: =SUM(CD6:CO6) -> 819351 | CM10: =AVERAGE(CM9:CX9) -> -5.375 | CP10: =SUM(CP6:DA6) -> 743863.5
V13: SEPT | Y13: OCTOBER | AN13: NOVEMBER | AZ13: DECEMBER | BL13: JANUARY | CA13: FEBRUARY | CM13: MARCH
J14: =+#REF! -> #REF! | M14: ='Auto Print'!P22 -> 0 | P14: ='Auto Print'!S22 -> 2064 | S14: ='Auto Print'!V22 -> 3906 | V14: W39 | Y14: W40 | AB14: W41 | AE14: W42 | AH14: W43 | AK14: W44 | AN14: W45 | AQ14: W46 | AT14: W47 | AW14: W48 | AZ14: W49 | BC14: W50 | BF14: W51 | BI14: W52 | BL14: W1 | BO14: W2 | BR14: W3 | BU14: W4 | BX14: W5 | CA14: W6 | CD14: W7 | CG14: W8 | CJ14: W9 | CM14: W10 | CP14: W11 | CS14: W12 | CV14: W13
C15: TOTAL MESIN | D15: 1 | G15: BALANCE/WEEK | J15: =#REF! -> #REF! | M15: ='Auto Print'!P23 -> 0 | P15: ='Auto Print'!S23 -> 2064 | S15: ='Auto Print'!V23 -> 4782 | V15: ='Auto Print'!Y32 -> 33935 | Y15: ='Auto Print'!AB32 -> 13969 | AB15: ='Auto Print'!AE32 -> 46578 | AE15: ='Auto Print'!AH32 -> 43824 | AH15: ='Auto Print'!AK32 -> 26214 | AK15: ='Auto Print'!AN32 -> 0 | AN15: ='Auto Print'!AW32 -> 13317 | AQ15: ='Auto Print'!AZ32 -> 2715 | AT15: ='Auto Print'!BC32 -> 68733 | AW15: ='Auto Print'!BF32 -> 10071 | AZ15: ='Auto Print'!BI32 -> 31620 | BC15: ='Auto Print'!BL32 -> 34512 | BF15: ='Auto Print'!BO32 -> 26496 | BI15: ='Auto Print'!BR32 -> 52852.8 | BL15: ='Auto Print'!BU32 -> 16747.2 | BO15: ='Auto Print'!BX32 -> 9031.2 | BR15: ='Auto Print'!CA32 -> 8467.2 | BU15: ='Auto Print'!CD32 -> 11731.2 | BX15: ='Auto Print'!CG32 -> 31667.4 | CA15: ='Auto Print'!CJ32 -> 27861 | CD15: ='Auto Print'!CM32 -> 27861 | CG15: ='Auto Print'!CP32 -> 27861 | CJ15: ='Auto Print'!CS32 -> 23992.5 | CM15: ='Auto Print'!CV32 -> 55393.5 | CP15: ='Auto Print'!CY32 -> 55393.5 | CS15: ='Auto Print'!DB32 -> 55393.5 | CV15: ='Auto Print'!DE32 -> 38025
A16: AUTO PRINTING | C16: ADD (MESIN) | D16: 2 | G16: SHIFT | J16: =#REF! -> #REF! | M16: ='Auto Print'!P24 -> 0 | P16: ='Auto Print'!S24 -> 0 | S16: ='Auto Print'!V24 -> 0 | V16: 2 | Y16: 2 | AB16: 2 | AE16: 2 | AH16: 2 | AK16: 2 | AN16: 2 | AQ16: 2 | AT16: 2 | AW16: 2 | AZ16: 2 | BC16: 2 | BF16: 2 | BI16: 2 | BL16: 2 | BO16: 2 | BR16: 2 | BU16: 2 | BX16: 2 | CA16: 2 | CD16: 2 | CG16: 2 | CJ16: 2 | CM16: 2 | CP16: 2 | CS16: 2 | CV16: 2
C17: TOTAL | D17: 3 | G17: JAM KERJA | J17: =+$D$58 -> 0 | M17: ='Auto Print'!P25 -> 0 | P17: ='Auto Print'!S25 -> 2796 | S17: ='Auto Print'!V25 -> 4308 | V17: 20 | Y17: 20 | AB17: 20 | AE17: 20 | AH17: 20 | AK17: 20 | AN17: 20 | AQ17: 20 | AT17: 20 | AW17: 20 | AZ17: 20 | BC17: 20 | BF17: 20 | BI17: 20 | BL17: 20 | BO17: 20 | BR17: 20 | BU17: 20 | BX17: 20 | CA17: 20 | CD17: 20 | CG17: 20 | CJ17: 20 | CM17: 20 | CP17: 20 | CS17: 20 | CV17: 20
G18: +/- | J18: =J17-J16 -> #REF! | M18: =M17-M16 -> 0 | P18: =P17-P16 -> 2796 | S18: =S17-S16 -> 4308 | V18: ='Auto Print'!Y35 -> 0.084663772 | Y18: ='Auto Print'!AB35 -> 0.56222261 | AB18: ='Auto Print'!AE35 -> -0.22254856 | AE18: ='Auto Print'!AH35 -> -0.19083855 | AH18: ='Auto Print'!AK35 -> 0.23089895 | AK18: ='Auto Print'!AN35 -> 1 | AN18: ='Auto Print'!AW35 -> 0.56904207 | AQ18: ='Auto Print'!AZ35 -> 0.89810953 | AT18: ='Auto Print'!BC35 -> -1.4617371 | AW18: ='Auto Print'!BF35 -> 0.62204828 | AZ18: ='Auto Print'!BI35 -> -0.08268066 | BC18: ='Auto Print'!BL35 -> -0.19121371 | BF18: ='Auto Print'!BO35 -> 0.10961649 | BI18: ='Auto Print'!BR35 -> -1.2810849 | BL18: ='Auto Print'!BU35 -> 0.26425713 | BO18: ='Auto Print'!BX35 -> 0.68290641 | BR18: ='Auto Print'!CA35 -> 0.70407261 | BU18: ='Auto Print'!CD35 -> 0.58157888 | BX18: ='Auto Print'!CG35 -> -0.17706695 | CA18: ='Auto Print'!CJ35 -> -0.25230396 | CD18: ='Auto Print'!CM35 -> -0.03260151 | CG18: ='Auto Print'!CP35 -> -0.03260151 | CJ18: ='Auto Print'!CS35 -> 0.11473509 | CM18: ='Auto Print'!CV35 -> -0.93587429 | CP18: ='Auto Print'!CY35 -> -0.93587429 | CS18: ='Auto Print'!DB35 -> -1.3477624 | CV18: ='Auto Print'!DE35 -> -0.27437354
G19: AVERAGE | V19: =AVERAGE(V18) -> 0.084663772 | Y19: =AVERAGE(Y18:AM18) -> 0.27594689 | AB19: =SUM(AB15:AP15) -> 129933 | AN19: =AVERAGE(AN18:AY18) -> 0.15686569 | AQ19: =SUM(AQ15:BB15) -> 113139 | AZ19: =AVERAGE(AZ18:BK18) -> -0.3613407 | BC19: =SUM(BC15:BN15) -> 130608 | BL19: =AVERAGE(BL18:BZ18) -> 0.41114962 | BO19: =SUM(BO15:CC15) -> 88758 | CA19: =AVERAGE(CA18:CL18) -> -0.050692973 | CD19: =SUM(CD15:CO15) -> 135108 | CM19: =AVERAGE(CM18:CX18) -> -0.87347114 | CP19: =SUM(CP15:DA15) -> 148812
V22: SEPT | Y22: OCTOBER | AN22: NOVEMBER | AZ22: DECEMBER | BL22: JANUARY | CA22: FEBRUARY | CM22: MARCH
J23: =+#REF! -> #REF! | M23: ='Auto Print'!P31 -> WEEK PRODUKSI 37 | P23: ='Auto Print'!S31 -> WEEK PRODUKSI 38 | S23: ='Auto Print'!V31 -> WEEK PRODUKSI 39 | V23: W39 | Y23: W40 | AB23: W41 | AE23: W42 | AH23: W43 | AK23: W44 | AN23: W45 | AQ23: W46 | AT23: W47 | AW23: W48 | AZ23: W49 | BC23: W50 | BF23: W51 | BI23: W52 | BL23: W1 | BO23: W2 | BR23: W3 | BU23: W4 | BX23: W5 | CA23: W6 | CD23: W7 | CG23: W8 | CJ23: W9 | CM23: W10 | CP23: W11 | CS23: W12 | CV23: W13
C24: TOTAL MESIN | D24: 1 | G24: BALANCE/WEEK | J24: =K9 -> 0 | M24: ='Auto Print'!P32 -> 0 | P24: ='Auto Print'!S32 -> 7575 | S24: ='Auto Print'!V32 -> 22052 | V24: ='Auto Print'!Y70 -> 33935 | Y24: ='Auto Print'!AB70 -> 13969 | AB24: ='Auto Print'!AE70 -> 46578 | AE24: ='Auto Print'!AH70 -> 43824 | AH24: ='Auto Print'!AK70 -> 26214 | AK24: ='Auto Print'!AN70 -> 0 | AN24: ='Auto Print'!AW70 -> 13317 | AQ24: ='Auto Print'!AZ70 -> 2715 | AT24: ='Auto Print'!BC70 -> 68733 | AW24: ='Auto Print'!BF70 -> 10071 | AZ24: ='Auto Print'!BI70 -> 31620 | BC24: ='Auto Print'!BL70 -> 34512 | BF24: ='Auto Print'!BO70 -> 26496 | BI24: ='Auto Print'!BR70 -> 52852.8 | BL24: ='Auto Print'!BU70 -> 16747.2 | BO24: ='Auto Print'!BX70 -> 9031.2 | BR24: ='Auto Print'!CA70 -> 8467.2 | BU24: ='Auto Print'!CD70 -> 11731.2 | BX24: ='Auto Print'!CG70 -> 31667.4 | CA24: ='Auto Print'!CJ70 -> 27861 | CD24: ='Auto Print'!CM70 -> 27861 | CG24: ='Auto Print'!CP70 -> 27861 | CJ24: ='Auto Print'!CS70 -> 23992.5 | CM24: ='Auto Print'!CV70 -> 55393.5 | CP24: ='Auto Print'!CY70 -> 55393.5 | CS24: ='Auto Print'!DB70 -> 55393.5 | CV24: ='Auto Print'!DE70 -> 38025
A25: AUTO CUTTING | C25: ADD (MESIN) | D25: 2 | G25: SHIFT | J25: =L9 -> 0 | M25: ='Auto Print'!P33 -> 0 | P25: ='Auto Print'!S33 -> 0 | S25: ='Auto Print'!V33 -> 0.61674332 | V25: 2 | Y25: 2 | AB25: 2 | AE25: 2 | AH25: 2 | AK25: 2 | AN25: 2 | AQ25: 2 | AT25: 2 | AW25: 2 | AZ25: 2 | BC25: 2 | BF25: 2 | BI25: 2 | BL25: 2 | BO25: 2 | BR25: 2 | BU25: 2 | BX25: 2 | CA25: 2 | CD25: 2 | CG25: 2 | CJ25: 2 | CM25: 2 | CP25: 2 | CS25: 2 | CV25: 2
C26: TOTAL | D26: 3 | G26: JAM KERJA | J26: =+$D$58 -> 0 | M26: ='Auto Print'!P34 -> 1 | P26: ='Auto Print'!S34 -> 1 | S26: ='Auto Print'!V34 -> 1 | V26: 20 | Y26: 20 | AB26: 20 | AE26: 20 | AH26: 20 | AK26: 20 | AN26: 20 | AQ26: 20 | AT26: 20 | AW26: 20 | AZ26: 20 | BC26: 20 | BF26: 20 | BI26: 20 | BL26: 20 | BO26: 20 | BR26: 20 | BU26: 20 | BX26: 20 | CA26: 20 | CD26: 20 | CG26: 20 | CJ26: 20 | CM26: 20 | CP26: 20 | CS26: 20 | CV26: 20
G27: +/- | J27: =J26-J25 -> 0 | M27: =M26-M25 -> 1 | P27: =P26-P25 -> 1 | S27: =S26-S25 -> 0.38325668 | V27: ='Auto Print'!Y73 -> 1.3076172 | Y27: ='Auto Print'!AB73 -> 1.7144149 | AB27: ='Auto Print'!AE73 -> 0.97635009 | AE27: ='Auto Print'!AH73 -> 1.0733557 | AH27: ='Auto Print'!AK73 -> 1.4369984 | AK27: ='Auto Print'!AN73 -> 2 | AN27: ='Auto Print'!AW73 -> 1.752621 | AQ27: ='Auto Print'!AZ73 -> 1.9495657 | AT27: ='Auto Print'!BC73 -> 0.72320323 | AW27: ='Auto Print'!BF73 -> 1.8129193 | AZ27: ='Auto Print'!BI73 -> 1.4126211 | BC27: ='Auto Print'!BL73 -> 1.3588988 | BF27: ='Auto Print'!BO73 -> 1.5078055 | BI27: ='Auto Print'!BR73 -> 0.63713413 | BL27: ='Auto Print'!BU73 -> 1.4505414 | BO27: ='Auto Print'!BX73 -> 1.6902715 | BR27: ='Auto Print'!CA73 -> 1.7007484 | BU27: ='Auto Print'!CD73 -> 1.6401158 | BX27: ='Auto Print'!CG73 -> 0.18856829 | CA27: ='Auto Print'!CJ73 -> -0.11108999 | CD27: ='Auto Print'!CM73 -> 0.25927667 | CG27: ='Auto Print'!CP73 -> 0.25927667 | CJ27: ='Auto Print'!CS73 -> 0.55394986 | CM27: ='Auto Print'!CV73 -> -0.02936085 | CP27: ='Auto Print'!CY73 -> -0.02936085 | CS27: ='Auto Print'!DB73 -> -0.46113975 | CV27: ='Auto Print'!DE73 -> 1.2936407
G28: AVERAGE | V28: =AVERAGE(V27) -> 1.3076172 | Y28: =AVERAGE(Y27:AM27) -> 1.4402238 | AB28: =SUM(AB24:AP24) -> 129933 | AN28: =AVERAGE(AN27:AY27) -> 1.5595773 | AQ28: =SUM(AQ24:BB24) -> 113139 | AZ28: =AVERAGE(AZ27:BK27) -> 1.2291149 | BC28: =SUM(BC24:BN24) -> 130608 | BL28: =AVERAGE(BL27:BZ27) -> 1.3340491 | BO28: =SUM(BO24:CC24) -> 88758 | CA28: =AVERAGE(CA27:CL27) -> 0.2403533 | CD28: =SUM(CD24:CO24) -> 135108 | CM28: =AVERAGE(CM27:CX27) -> 0.1934448 | CP28: =SUM(CP24:DA24) -> 148812
V31: SEPT | Y31: OCTOBER | AN31: NOVEMBER | AZ31: DECEMBER | BL31: JANUARY | CA31: FEBRUARY | CM31: MARCH
J32: =+#REF! -> #REF! | M32: =Emboss!P61 -> WEEK PRODUKSI 37 | P32: =Emboss!S61 -> WEEK PRODUKSI 38 | S32: =Emboss!V61 -> WEEK PRODUKSI 39 | V32: W39 | Y32: W40 | AB32: W41 | AE32: W42 | AH32: W43 | AK32: W44 | AN32: W45 | AQ32: W46 | AT32: W47 | AW32: W48 | AZ32: W49 | BC32: W50 | BF32: W51 | BI32: W52 | BL32: W1 | BO32: W2 | BR32: W3 | BU32: W4 | BX32: W5 | CA32: W6 | CD32: W7 | CG32: W8 | CJ32: W9 | CM32: W10 | CP32: W11 | CS32: W12 | CV32: W13
G33: BALANCE/WEEK | J33: =K$89 -> 0 | M33: =Emboss!P62 -> 702 | P33: =Emboss!S62 -> 14086 | S33: =Emboss!V62 -> 90290 | V33: =Summary!V33 -> 106700 | Y33: =Summary!Y33 -> 90332 | AB33: =Summary!AB33 -> 165918 | AE33: =Summary!AE33 -> 128246 | AH33: =Summary!AH33 -> 140064 | AK33: =Summary!AK33 -> 32490 | AN33: =Summary!AN33 -> 19800 | AQ33: =Summary!AQ33 -> 53817 | AT33: =Summary!AT33 -> 6813 | AW33: =Summary!AW33 -> 34017 | AZ33: =Summary!AZ33 -> 74365.5 | BC33: =Summary!BC33 -> 83155.5 | BF33: =Summary!BF33 -> 63523.5 | BI33: =Summary!BI33 -> 117162.7 | BL33: =Summary!BL33 -> 40788.4 | BO33: =Summary!BO33 -> 25356.4 | BR33: =Summary!BR33 -> 24228.4 | BU33: =Summary!BU33 -> 30756.4 | BX33: =Summary!BX33 -> 87278.2 | CA33: =Summary!CA33 -> 81371.5 | CD33: =Summary!CD33 -> 84143.5 | CG33: =Summary!CG33 -> 79643.5 | CJ33: =Summary!CJ33 -> 64305 | CM33: =Summary!CM33 -> 127072.5 | CP33: =Summary!CP33 -> 127072.5 | CS33: =Summary!CS33 -> 127072.5 | CV33: =Summary!CV33 -> 82362
A34: EMBOSS | C34: TOTAL MESIN | D34: 22 | G34: SHIFT | J34: =L$89 -> 0 | M34: =Emboss!P63 -> 0 | P34: =Emboss!S63 -> 0 | S34: =Emboss!V63 -> 12.53807 | V34: 2 | Y34: 2 | AB34: 2 | AE34: 2 | AH34: 2 | AK34: 2 | AN34: 2 | AQ34: 2 | AT34: 2 | AW34: 2 | AZ34: 2 | BC34: 2 | BF34: 2 | BI34: 2 | BL34: 2 | BO34: 2 | BR34: 2 | BU34: 2 | BX34: 2 | CA34: 2 | CD34: 2 | CG34: 2 | CJ34: 2 | CM34: 2 | CP34: 2 | CS34: 2 | CV34: 2
C35: ADD 01/12 | D35: 10 | G35: JAM KERJA | J35: 22 | M35: =Emboss!P64 -> 22 | P35: =Emboss!S64 -> 22 | S35: =Emboss!V64 -> 22 | V35: 18 | Y35: 18 | AB35: 18 | AE35: 18 | AH35: 18 | AK35: 18 | AN35: 18 | AQ35: 18 | AT35: 18 | AW35: 18 | AZ35: 18 | BC35: 18 | BF35: 18 | BI35: 18 | BL35: 18 | BO35: 18 | BR35: 18 | BU35: 18 | BX35: 18 | CA35: 18 | CD35: 18 | CG35: 18 | CJ35: 18 | CM35: 18 | CP35: 18 | CS35: 18 | CV35: 18
C36: TOTAL MESIN | D36: =SUM(D34:D35) -> 32 | G36: +/- | J36: =J35-J34 -> 22 | M36: =Emboss!P65 -> 22 | P36: =Emboss!S65 -> 22 | S36: =Emboss!V65 -> 9.46193 | V36: =Summary!V36 -> 7.1430359 | Y36: =Summary!Y36 -> 9.4266414 | AB36: =Summary!AB36 -> -0.851502 | AE36: =Summary!AE36 -> 3.1840382 | AH36: =Summary!AH36 -> -1.0660166 | AK36: =Summary!AK36 -> 16.457644 | AN36: =Summary!AN36 -> 18.836538 | AQ36: =Summary!AQ36 -> 14.107853 | AT36: =Summary!AT36 -> 21.148759 | AW36: =Summary!AW36 -> 17.271314 | AZ36: =Summary!AZ36 -> 22.381974 | BC36: =Summary!BC36 -> 21.194174 | BF36: =Summary!BF36 -> 23.76722 | BI36: =Summary!BI36 -> 14.175321 | BL36: =Summary!BL36 -> 26.280682 | BO36: =Summary!BO36 -> 29.270574 | BR36: =Summary!BR36 -> 29.413111 | BU36: =Summary!BU36 -> 28.58822 | BX36: =Summary!BX36 -> 25.521839 | CA36: =Summary!CA36 -> 24.892653 | CD36: =Summary!CD36 -> 25.742014 | CG36: =Summary!CG36 -> 26.460982 | CJ36: =Summary!CJ36 -> 26.558887 | CM36: =Summary!CM36 -> 18.117962 | CP36: =Summary!CP36 -> 18.117962 | CS36: =Summary!CS36 -> 15.033064 | CV36: =Summary!CV36 -> 21.105241
G37: AVERAGE | V37: =AVERAGE(V36) -> 7.1430359 | Y37: =AVERAGE(Y36:AM36) -> 5.430161 | AB37: =SUM(AB33:AP33) -> 486518 | AN37: =AVERAGE(AN36:AY36) -> 17.841116 | AQ37: =SUM(AQ33:BB33) -> 169012.5 | AZ37: =AVERAGE(AZ36:BK36) -> 20.379672 | BC37: =SUM(BC33:BN33) -> 304630.1 | BL37: =AVERAGE(BL36:BZ36) -> 27.814885 | BO37: =SUM(BO33:CC33) -> 248990.9 | CA37: =AVERAGE(CA36:CL36) -> 25.913634 | CD37: =SUM(CD33:CO33) -> 355164.5 | CM37: =AVERAGE(CM36:CX36) -> 18.093557 | CP37: =SUM(CP33:DA33) -> 336507
V40: SEPT | Y40: OCTOBER | AN40: NOVEMBER | AZ40: DECEMBER | BL40: JANUARY | CA40: FEBRUARY | CM40: MARCH
J41: =+#REF! -> #REF! | M41: ='Cut Press'!P32 -> WEEK PRODUKSI 37 | P41: ='Cut Press'!S32 -> WEEK PRODUKSI 38 | S41: ='Cut Press'!V32 -> WEEK PRODUKSI 39 | V41: W39 | Y41: W40 | AB41: W41 | AE41: W42 | AH41: W43 | AK41: W44 | AN41: W45 | AQ41: W46 | AT41: W47 | AW41: W48 | AZ41: W49 | BC41: W50 | BF41: W51 | BI41: W52 | BL41: W1 | BO41: W2 | BR41: W3 | BU41: W4 | BX41: W5 | CA41: W6 | CD41: W7 | CG41: W8 | CJ41: W9 | CM41: W10 | CP41: W11 | CS41: W12 | CV41: W13
G42: BALANCE/WEEK | J42: =K$62 -> 0 | M42: ='Cut Press'!P34 -> 0 | P42: ='Cut Press'!S34 -> 9462 | S42: ='Cut Press'!V34 -> 12324 | V42: ='Cut Press'!Y34 -> 21786 | Y42: ='Cut Press'!AB34 -> 36030 | AB42: ='Cut Press'!AE34 -> 68376 | AE42: ='Cut Press'!AH34 -> 55860 | AH42: ='Cut Press'!AK34 -> 24456 | AK42: ='Cut Press'!AN34 -> 1362 | AN42: ='Cut Press'!AW34 -> 32293.5 | AQ42: ='Cut Press'!BC34 -> 4072.5 | AT42: ='Cut Press'!BF34 -> 110947.5 | AW42: ='Cut Press'!BI34 -> 26380.5 | AZ42: ='Cut Press'!BL34 -> 56629.5 | BC42: ='Cut Press'!BO34 -> 59863.5 | BF42: ='Cut Press'!BR34 -> 44239.5 | BI42: ='Cut Press'!BU34 -> 80077.5 | BL42: ='Cut Press'!BX34 -> 25533.6 | BO42: ='Cut Press'!CA34 -> 9849.6 | BR42: ='Cut Press'!CD34 -> 9003.6 | BU42: ='Cut Press'!CG34 -> 13899.6 | BX42: ='Cut Press'!CJ34 -> 15645.6 | CA42: ='Cut Press'!CM34 -> 10498.5 | CD42: ='Cut Press'!CP34 -> 10960.5 | CG42: ='Cut Press'!CS34 -> 10210.5 | CJ42: ='Cut Press'!CV34 -> 10210.5 | CM42: ='Cut Press'!CY34 -> 63454.5 | CP42: ='Cut Press'!DB34 -> 63454.5 | CS42: ='Cut Press'!DE34 -> 63454.5 | CV42: ='Cut Press'!DH34 -> 63454.5
A43: CUTTING PRESS | C43: TOTAL HOLD | D43: 16 | G43: SHIFT | J43: =L$62 -> 0 | M43: ='Cut Press'!P35 -> 0 | P43: ='Cut Press'!S35 -> 0 | S43: ='Cut Press'!V35 -> 2.7151515 | V43: 1 | Y43: 1 | AB43: 1 | AE43: 1 | AH43: 1 | AK43: 1 | AN43: 1 | AQ43: 1 | AT43: 1 | AW43: 1 | AZ43: 1 | BC43: 1 | BF43: 1 | BI43: 1 | BL43: 1 | BO43: 1 | BR43: 1 | BU43: 1 | BX43: 1 | CA43: 1 | CD43: 1 | CG43: 1 | CJ43: 1 | CM43: 1 | CP43: 1 | CS43: 1 | CV43: 1
A44: (Model 880,1906) | C44: ADD (2 MC) | D44: 16 | G44: JAM KERJA | J44: 8 | M44: ='Cut Press'!P36 -> 8 | P44: ='Cut Press'!S36 -> 8 | S44: ='Cut Press'!V36 -> 8 | V44: 7 | Y44: 7 | AB44: 7 | AE44: 7 | AH44: 7 | AK44: 7 | AN44: 7 | AQ44: 7 | AT44: 7 | AW44: 7 | AZ44: 7 | BC44: 7 | BF44: 7 | BI44: 7 | BL44: 7 | BO44: 7 | BR44: 7 | BU44: 7 | BX44: 7 | CA44: 7 | CD44: 7 | CG44: 7 | CJ44: 7 | CM44: 7 | CP44: 7 | CS44: 7 | CV44: 7
G45: +/- | J45: =J44-J43 -> 8 | M45: ='Cut Press'!P37 -> 8 | P45: ='Cut Press'!S37 -> 8 | S45: ='Cut Press'!V37 -> 5.2848485 | V45: ='Cut Press'!Y37 -> 11.120346 | Y45: ='Cut Press'!AB37 -> 7.4955267 | AB45: ='Cut Press'!AE37 -> -2.0779221 | AE45: ='Cut Press'!AH37 -> 3.6640693 | AH45: ='Cut Press'!AK37 -> 9.6207792 | AK45: ='Cut Press'!AN37 -> 15.213853 | AN45: ='Cut Press'!AW37 -> 8.5168831 | AQ45: ='Cut Press'!BC37 -> 15.21645 | AT45: ='Cut Press'!BF37 -> -5.9212121 | AW45: ='Cut Press'!BI37 -> 15.254365 | AZ45: ='Cut Press'!BL37 -> 5.6289602 | BC45: ='Cut Press'!BO37 -> 4.4822511 | BF45: ='Cut Press'!BR37 -> 7.4883117 | BI45: ='Cut Press'!BU37 -> 0.59307359 | BL45: ='Cut Press'!BX37 -> -1.1695238 | BO45: ='Cut Press'!CA37 -> 14.104935 | BR45: ='Cut Press'!CD37 -> 14.267706 | BU45: ='Cut Press'!CG37 -> 13.325714 | BX45: ='Cut Press'!CJ37 -> 12.320847 | CA45: ='Cut Press'!CM37 -> 13.395767 | CD45: ='Cut Press'!CP37 -> 13.602597 | CG45: ='Cut Press'!CS37 -> 14.035498 | CJ45: ='Cut Press'!CV37 -> 14.035498 | CM45: ='Cut Press'!CY37 -> 3.791342 | CP45: ='Cut Press'!DB37 -> 3.791342 | CS45: ='Cut Press'!DE37 -> 1.0783069 | CV45: ='Cut Press'!DH37 -> 3.791342
G46: AVERAGE | V46: =AVERAGE(V45) -> 11.120346 | Y46: =AVERAGE(Y45:AM45) -> 6.7832612 | AB46: =SUM(AB42:AP42) -> 182347.5 | AN46: =AVERAGE(AN45:AY45) -> 8.2666216 | AQ46: =SUM(AQ42:BB42) -> 198030 | AZ46: =AVERAGE(AZ45:BK45) -> 4.5481491 | BC46: =SUM(BC42:BN42) -> 209714.1 | BL46: =AVERAGE(BL45:BZ45) -> 10.569936 | BO46: =SUM(BO42:CC42) -> 58896.9 | CA46: =AVERAGE(CA45:CL45) -> 13.76734 | CD46: =SUM(CD42:CO42) -> 94836 | CM46: =AVERAGE(CM45:CX45) -> 3.1130832 | CP46: =SUM(CP42:DA42) -> 190363.5
AQ49: DECEMBER | BC49: JANUARY | BR49: FEBRUARY | CD49: MARCH
J50: =+#REF! -> #REF! | M50: ='Cut Press'!P41 -> 0 | P50: ='Cut Press'!S41 -> 0 | S50: ='Cut Press'!V41 -> 0 | AQ50: W49 | AT50: W50 | AW50: W51 | AZ50: W52 | BC50: W1 | BF50: W2 | BI50: W3 | BL50: W4 | BO50: W5 | BR50: W6 | BU50: W7 | BX50: W8 | CA50: W9 | CD50: W10 | CG50: W11 | CJ50: W12 | CM50: W13
G51: BALANCE/WEEK | J51: =K$62 -> 0 | M51: ='Cut Press'!P43 -> 0 | P51: ='Cut Press'!S43 -> 0 | S51: ='Cut Press'!V43 -> 0 | AQ51: ='Cut Press'!CG43 -> 0 | AT51: ='Cut Press'!CJ43 -> 0 | AW51: ='Cut Press'!CM43 -> 0 | AZ51: =Summary!AE51 -> 2464.8 | BC51: =Summary!AH51 -> 2464.8 | BF51: =Summary!AK51 -> 2464.8 | BI51: =Summary!AN51 -> 2464.8 | BL51: =Summary!AQ51 -> 2464.8 | BO51: =Summary!AT51 -> 21903 | BR51: =Summary!AW51 -> 21903 | BU51: =Summary!AZ51 -> 21903 | BX51: =Summary!BC51 -> 21903 | CA51: =Summary!BF51 -> 35008.5 | CD51: =Summary!BI51 -> 35008.5 | CG51: =Summary!BL51 -> 35008.5 | CJ51: =Summary!BO51 -> 35008.5 | CM51: =Summary!BR51 -> 0
A52: CUTTING PRESS | C52: TOTAL HOLD | D52: 16 | G52: SHIFT | J52: =L$62 -> 0 | M52: ='Cut Press'!P44 -> 0 | P52: ='Cut Press'!S44 -> 0 | S52: ='Cut Press'!V44 -> 0 | AQ52: 1 | AT52: 1 | AW52: 1 | AZ52: 1 | BC52: 1 | BF52: 1 | BI52: 1 | BL52: 1 | BO52: 1 | BR52: 1 | BU52: 1 | BX52: 1 | CA52: 1 | CD52: 1 | CG52: 1 | CJ52: 1 | CM52: 1
A53: (Model 484) | C53: ADD (2 MC) | D53: 16 | G53: JAM KERJA | J53: 8 | M53: ='Cut Press'!P45 -> 0 | P53: ='Cut Press'!S45 -> 0 | S53: ='Cut Press'!V45 -> 0 | AQ53: 7 | AT53: 7 | AW53: 7 | AZ53: 7 | BC53: 7 | BF53: 7 | BI53: 7 | BL53: 7 | BO53: 7 | BR53: 7 | BU53: 7 | BX53: 7 | CA53: 7 | CD53: 7 | CG53: 7 | CJ53: 7 | CM53: 7
G54: +/- | J54: =J53-J52 -> 8 | M54: ='Cut Press'!P46 -> 0 | P54: ='Cut Press'!S46 -> 0 | S54: ='Cut Press'!V46 -> 0 | AQ54: ='Cut Press'!CG46 -> 0 | AT54: ='Cut Press'!CJ46 -> 0 | AW54: ='Cut Press'!CM46 -> 0 | AZ54: =Summary!AE54 -> 14.932987 | BC54: =Summary!AH54 -> 14.932987 | BF54: =Summary!AK54 -> 14.932987 | BI54: =Summary!AN54 -> 14.932987 | BL54: =Summary!AQ54 -> 14.932987 | BO54: =Summary!AT54 -> 4.4111111 | BR54: =Summary!AW54 -> 4.4111111 | BU54: =Summary!AZ54 -> 6.5181818 | BX54: =Summary!BC54 -> 6.5181818 | CA54: =Summary!BF54 -> 0.84480519 | CD54: =Summary!BI54 -> 0.84480519 | CG54: =Summary!BL54 -> 0.84480519 | CJ54: =Summary!BO54 -> -2.5230159 | CM54: =Summary!BR54 -> 16
G55: AVERAGE | AQ55: =AVERAGE(AQ54:BB54) -> 3.7332468 | AT55: =SUM(AT51:BE51) -> 4929.6 | BC55: =AVERAGE(BC54:BQ54) -> 12.828612 | BF55: =SUM(BF51:BT51) -> 51200.4 | BR55: =AVERAGE(BR54:CC54) -> 4.57307 | BU55: =SUM(BU51:CF51) -> 113823 | CD55: =AVERAGE(CD54:CO54) -> 3.7916486 | CG55: =SUM(CG51:CR51) -> 70017
AB57: Add 2 Mesin
V58: SEPT | Y58: OCTOBER | AN58: NOVEMBER | AZ58: DECEMBER | BL58: JANUARY | CA58: FEBRUARY | CM58: MARCH
J59: =+J22 -> 0 | M59: =Nosew!M26 -> WEEK PRODUKSI 37 | P59: =Nosew!P26 -> WEEK PRODUKSI 38 | S59: =Nosew!S26 -> WEEK PRODUKSI 39 | V59: W39 | Y59: W40 | AB59: W41 | AE59: W42 | AH59: W43 | AK59: W44 | AN59: W45 | AQ59: W46 | AT59: W47 | AW59: W48 | AZ59: W49 | BC59: W50 | BF59: W51 | BI59: W52 | BL59: W1 | BO59: W2 | BR59: W3 | BU59: W4 | BX59: W5 | CA59: W6 | CD59: W7 | CG59: W8 | CJ59: W9 | CM59: W10 | CP59: W11 | CS59: W12 | CV59: W13
G60: BALANCE/WEEK | J60: =K46 -> 0 | M60: =Nosew!M27 -> 869.5 | P60: =Nosew!P27 -> 7092.5 | S60: =Nosew!S27 -> 10657.5 | V60: =Nosew!V27 -> 18619.5 | Y60: =Nosew!Y27 -> 26924.5 | AB60: =Nosew!AB27 -> 30432 | AE60: =Nosew!AE27 -> 21996 | AH60: =Nosew!AH27 -> 26742 | AK60: =Nosew!AK27 -> 8016 | AN60: =Nosew!AT27 -> 14524.5 | AQ60: =Nosew!AZ27 -> 5530.5 | AT60: =Nosew!BC27 -> 16186.5 | AW60: =Nosew!BF27 -> 36964.5 | AZ60: =Nosew!BI27 -> 9255 | BC60: =Nosew!BL27 -> 17859 | BF60: =Nosew!BO27 -> 11457 | BI60: =Nosew!BR27 -> 19785 | BL60: =Nosew!BU27 -> 91206 | BO60: =Nosew!BX27 -> 29028 | BR60: =Nosew!CA27 -> 27372 | BU60: =Nosew!CD27 -> 26886 | BX60: =Nosew!CG27 -> 28944 | CA60: =Nosew!CJ27 -> 34956 | CD60: =Nosew!CM27 -> 32382 | CG60: =Nosew!CP27 -> 31632 | CJ60: =Nosew!CS27 -> 32244 | CM60: =Nosew!CV27 -> 45094.5 | CP60: =Nosew!CY27 -> 45094.5 | CS60: =Nosew!DB27 -> 45094.5 | CV60: =Nosew!DE27 -> 45094.5
A61: NOSEW | C61: MESIN READY | D61: 5 | G61: SHIFT | J61: =L46 -> 0 | M61: =Nosew!M28 -> 0 | P61: =Nosew!P28 -> 0 | S61: =Nosew!S28 -> 1.2931019 | V61: 2 | Y61: 2 | AB61: 2 | AE61: 2 | AH61: 2 | AK61: 2 | AN61: 2 | AQ61: 2 | AT61: 2 | AW61: 2 | AZ61: 2 | BC61: 2 | BF61: 2 | BI61: 2 | BL61: 2 | BO61: 2 | BR61: 2 | BU61: 2 | BX61: 2 | CA61: 2 | CD61: 2 | CG61: 2 | CJ61: 2 | CM61: 2 | CP61: 2 | CS61: 2 | CV61: 2
C62: ADD 01/10 (W41) | D62: 2 | G62: JAM KERJA | J62: =+$D$61 -> 5 | M62: =Nosew!M29 -> 6 | P62: =Nosew!P29 -> 6 | S62: =Nosew!S29 -> 6 | V62: 14 | Y62: 14 | AB62: 14 | AE62: 14 | AH62: 14 | AK62: 14 | AN62: 14 | AQ62: 14 | AT62: 14 | AW62: 14 | AZ62: 14 | BC62: 14 | BF62: 14 | BI62: 14 | BL62: 14 | BO62: 14 | BR62: 14 | BU62: 14 | BX62: 14 | CA62: 14 | CD62: 14 | CG62: 14 | CJ62: 14 | CM62: 14 | CP62: 14 | CS62: 14 | CV62: 14
C63: TOTAL MESIN | D63: 7 | G63: +/- | J63: =J62-J61 -> 5 | M63: =M62-M61 -> 6 | P63: =P62-P61 -> 6 | S63: =S62-S61 -> 4.7068981 | V63: =Nosew!V30 -> 1.6066783 | Y63: =Nosew!Y30 -> 0.51292208 | AB63: =Nosew!AB30 -> 1.7429661 | AE63: =Nosew!AE30 -> 2.6174589 | AH63: =Nosew!AH30 -> 1.6535337 | AK63: =Nosew!AK30 -> 4.9951049 | AN63: =Nosew!AT30 -> 3.3631346 | AQ63: =Nosew!AZ30 -> 4.8824026 | AT63: =Nosew!BC30 -> 2.9057374 | AW63: =Nosew!BF30 -> 0.46611706 | AZ63: =Nosew!BI30 -> 4.5307565 | BC63: =Nosew!BL30 -> 2.6938843 | BF63: =Nosew!BO30 -> 3.4053129 | BI63: =Nosew!BR30 -> 1.8941126 | BL63: =Nosew!BU30 -> -10.370395 | BO63: =Nosew!BX30 -> 0.66299228 | BR63: =Nosew!CA30 -> 0.84452893 | BU63: =Nosew!CD30 -> 0.95928689 | BX63: =Nosew!CG30 -> 0.47333648 | CA63: =Nosew!CJ30 -> -2.294364 | CD63: =Nosew!CM30 -> 0.84514118 | CG63: =Nosew!CP30 -> 1.3159953 | CJ63: =Nosew!CS30 -> 1.5445937 | CM63: =Nosew!CV30 -> -0.10902597 | CP63: =Nosew!CY30 -> 0.47590909 | CS63: =Nosew!DB30 -> 0.12323621 | CV63: =Nosew!DE30 -> 0.89371985
G64: AVERAGE | V64: =AVERAGE(V63) -> 1.6066783 | Y64: =AVERAGE(Y63:AM63) -> 2.3043971 | AB64: =SUM(AB60:AP60) -> 101710.5 | AN64: =AVERAGE(AN63:AY63) -> 2.9043479 | AQ64: =SUM(AQ60:BB60) -> 67936.5 | AZ64: =AVERAGE(AZ63:BK63) -> 3.1310166 | BC64: =SUM(BC60:BN60) -> 140307 | BL64: =AVERAGE(BL63:BZ63) -> -1.4860502 | BO64: =SUM(BO60:CC60) -> 147186 | CA64: =AVERAGE(CA63:CL63) -> 0.35284155 | CD64: =SUM(CD60:CO60) -> 141352.5 | CM64: =AVERAGE(CM63:CX63) -> 0.34595979 | CP64: =SUM(CP60:DA60) -> 135283.5
AN66: Plan 3 Shift (21 Jam) | CA66: Plan 2 Shift (14 Jam)
V67: SEPT | Y67: OCTOBER | AN67: NOVEMBER | AZ67: DECEMBER | BL67: JANUARY | CA67: FEBRUARY | CM67: MARCH
J68: =+J10 -> 0 | M68: =Embroidery!M42 -> WEEK PRODUKSI 37 | P68: =Embroidery!P42 -> WEEK PRODUKSI 38 | S68: =Embroidery!S42 -> WEEK PRODUKSI 39 | V68: W39 | Y68: W40 | AB68: W41 | AE68: W42 | AH68: W43 | AK68: W44 | AN68: W45 | AQ68: W46 | AT68: W47 | AW68: W48 | AZ68: W49 | BC68: W50 | BF68: W51 | BI68: W52 | BL68: W1 | BO68: W2 | BR68: W3 | BU68: W4 | BX68: W5 | CA68: W6 | CD68: W7 | CG68: W8 | CJ68: W9 | CM68: W10 | CP68: W11 | CS68: W12 | CV68: W13
G69: BALANCE/WEEK | J69: =K64 -> 0 | M69: =Embroidery!M43 -> 1411 | P69: =Embroidery!P43 -> 12835 | S69: =Embroidery!S43 -> 35643 | V69: =Embroidery!V43 -> 49889 | Y69: =Embroidery!Y43 -> 48335 | AB69: =Embroidery!AB43 -> 72446 | AE69: =Embroidery!AE43 -> 53706 | AH69: =Embroidery!AH43 -> 46416 | AK69: =Embroidery!AK43 -> 16008 | AN69: =Embroidery!AW43 -> 74799.5 | AQ69: =Embroidery!AZ43 -> 11022.5 | AT69: =Embroidery!BI95 -> 112035.5 | AW69: =Embroidery!BL95 -> 33852.5 | AZ69: =Embroidery!BO95 -> 66746 | BC69: =Embroidery!BR95 -> 66464 | BF69: =Embroidery!BU95 -> 53446 | BI69: =Embroidery!BX95 -> 91300 | BL69: =Embroidery!CA95 -> 51698.8 | BO69: =Embroidery!CD95 -> 40910.8 | BR69: =Embroidery!CG95 -> 40796.8 | BU69: =Embroidery!CJ43 -> 41672.8 | BX69: =Embroidery!CM43 -> 43082.8 | CA69: =Embroidery!CP43 -> 32736.5 | CD69: =Embroidery!CS43 -> 33198.5 | CG69: =Embroidery!CV43 -> 32448.5 | CJ69: =Embroidery!CY43 -> 32448.5 | CM69: =Embroidery!DB43 -> 72628.5 | CP69: =Embroidery!DE43 -> 72832.5 | CS69: =Embroidery!DH43 -> 72652.5 | CV69: =Embroidery!DK43 -> 72328.5
A70: EMBRODERY | C70: MESIN SAI | D70: 8 | G70: SHIFT | J70: =L64 -> 0 | M70: =Embroidery!M45 -> 0 | P70: =Embroidery!P45 -> 0 | S70: =Embroidery!S45 -> 4.3520435 | V70: 2 | Y70: 2 | AB70: 2 | AE70: 2 | AH70: 2 | AK70: 2 | AN70: 3 | AQ70: 3 | AT70: 3 | AW70: 3 | AZ70: 3 | BC70: 3 | BF70: 3 | BI70: 3 | BL70: 3 | BO70: 3 | BR70: 3 | BU70: 3 | BX70: 3 | CA70: 2 | CD70: 2 | CG70: 2 | CJ70: 2 | CM70: 2 | CP70: 2 | CS70: 2 | CV70: 2
C71: SDI | D71: 4 | G71: JAM KERJA | J71: =+$D$70 -> 8 | M71: =Embroidery!M46 -> 8 | P71: =Embroidery!P46 -> 8 | S71: =Embroidery!S46 -> 8 | V71: 14 | Y71: 14 | AB71: 14 | AE71: 14 | AH71: 14 | AK71: 14 | AN71: 21 | AQ71: 21 | AT71: 21 | AW71: 21 | AZ71: 21 | BC71: 21 | BF71: 21 | BI71: 21 | BL71: 21 | BO71: 21 | BR71: 21 | BU71: 21 | BX71: 21 | CA71: 14 | CD71: 14 | CG71: 14 | CJ71: 14 | CM71: 14 | CP71: 14 | CS71: 14 | CV71: 14
C72: TOTAL MESIN | D72: 12 | G72: +/- | J72: =J71-J70 -> 8 | M72: =Embroidery!M47 -> 8 | P72: =Embroidery!P47 -> 8 | S72: =Embroidery!S47 -> 3.6479565 | V72: =Embroidery!V47 -> 1.4401502 | Y72: =Embroidery!Y47 -> 2.8844426 | AB72: =Embroidery!AB47 -> -0.25349808 | AE72: =Embroidery!AE47 -> 1.4225761 | AH72: =Embroidery!AH47 -> 2.5337684 | AK72: =Embroidery!AK47 -> 6.2381699 | AN72: =Summary!AN72 -> -0.56921841 | AQ72: =Summary!AQ72 -> 6.9504883 | AT72: =Summary!AT72 -> -3.4179375 | AW72: =Summary!AW72 -> 4.1134514 | AZ72: =Embroidery!BO98 -> 0.56105658 | BC72: =Embroidery!BR98 -> 0.83739281 | BF72: =Embroidery!BU98 -> 2.0613924 | BI72: =Embroidery!BX98 -> -3.9348336 | BL72: =Embroidery!CA98 -> 0.89099081 | BO72: =Embroidery!CD98 -> 3.2307218 | BR72: =Embroidery!CG98 -> 3.3268837 | BU72: =Embroidery!CD47 -> 1.1157662 | BX72: =Embroidery!CG47 -> 1.260009 | CA72: =Embroidery!CJ47 -> 0.65730035 | CD72: =Embroidery!CM47 -> 1.6220418 | CG72: =Embroidery!CP47 -> 1.0120006 | CJ72: =Embroidery!CS47 -> 2.1916368 | CM72: =Embroidery!CV47 -> 2.3392165 | CP72: =Embroidery!CY47 -> 2.3392165 | CS72: =Embroidery!DB47 -> -3.9178069 | CV72: =Embroidery!DE47 -> -3.9935099
G73: AVERAGE | V73: =AVERAGE(V72) -> 1.4401502 | Y73: =AVERAGE(Y72:AM72) -> 2.5650918 | AB73: =SUM(AB69:AP69) -> 263375.5 | AN73: =AVERAGE(AN72:AY72) -> 1.769196 | AQ73: =SUM(AQ69:BB69) -> 223656.5 | AZ73: =AVERAGE(AZ72:BK72) -> -0.11874795 | BC73: =SUM(BC69:BN69) -> 262908.8 | BL73: =AVERAGE(BL72:BZ72) -> 1.9648743 | BO73: =SUM(BO69:CC69) -> 199199.7 | CA73: =AVERAGE(CA72:CL72) -> 1.3707449 | CD73: =SUM(CD69:CO69) -> 170724 | CM73: =AVERAGE(CM72:CX72) -> -0.80822093 | CP73: =SUM(CP69:DA69) -> 217813.5

Sheet Summary
A1: SUMMARY OF TREATMENT CAPACITY
A2: BASED ON WEEKLY PRODUCTION, UNSCHEDULE ORDERS & RCCP
B4: CURRENT WEEK | V4: SEPT | Y4: OCTOBER | AN4: NOVEMBER | AQ4: =Embroidery!#REF! -> #REF! | AT4: =Embroidery!#REF! -> #REF! | AW4: =Embroidery!#REF! -> #REF! | AZ4: DECEMBER | BL4: JANUARY | CA4: FEBRUARY | CM4: MARCH
J5: ='Screen Printing'!J90 -> W. PROD 36 | M5: ='Screen Printing'!M90 -> W. PROD 37 | P5: ='Screen Printing'!P90 -> W. PROD 38 | S5: ='Screen Printing'!S90 -> W. PROD 39 | V5: W39 | Y5: W40 | AB5: W41 | AE5: W42 | AH5: W43 | AK5: W44 | AN5: W45 | AQ5: W46 | AT5: W47 | AW5: W48 | AZ5: W49 | BC5: W50 | BF5: W51 | BI5: W52 | BL5: W1 | BO5: W2 | BR5: W3 | BU5: W4 | BX5: W5 | CA5: W6 | CD5: W7 | CG5: W8 | CJ5: W9 | CM5: W10 | CP5: W11 | CS5: W12 | CV5: W13
A6: SCREEN PRINTING | C6: TOTAL MEJA SABLON | D6: 31 | G6: BALANCE/WEEK | J6: ='Screen Printing'!J91 -> 0 | M6: ='Screen Printing'!M91 -> 12473 | P6: ='Screen Printing'!P91 -> 43498 | S6: ='Screen Printing'!S91 -> 103641 | V6: {=INDEX('Screen Printing'!$V91:$ZZ91,1,1+INT((COLUMN()-COLUMN($V$112))/3)*4)} -> 159612 | Y6: {=INDEX('Screen Printing'!$V91:$ZZ91,1,1+INT((COLUMN()-COLUMN($V$112))/3)*4)} -> 115413 | AB6: {=INDEX('Screen Printing'!$V91:$ZZ91,1,1+INT((COLUMN()-COLUMN($V$112))/3)*4)} -> 216030 | AE6: {=INDEX('Screen Printing'!$V91:$ZZ91,1,1+INT((COLUMN()-COLUMN($V$112))/3)*4)} -> 213024 | AH6: {=INDEX('Screen Printing'!$V91:$ZZ91,1,1+INT((COLUMN()-COLUMN($V$112))/3)*4)} -> 148344 | AK6: {=INDEX('Screen Printing'!$V91:$ZZ91,1,1+INT((COLUMN()-COLUMN($V$112))/3)*4)} -> 57612 | AN6: ='Screen Printing'!BI91 -> 257746.5 | AQ6: ='Screen Printing'!BM91 -> 39700.5 | AT6: =INDEX('Screen Printing'!$BY91:$ZZ91,1,1+INT((COLUMN()-COLUMN($AT$100))/3)*4) -> 182037 | AW6: =INDEX('Screen Printing'!$BY91:$ZZ91,1,1+INT((COLUMN()-COLUMN($AT$100))/3)*4) -> 210093 | AZ6: =INDEX('Screen Printing'!$BY91:$ZZ91,1,1+INT((COLUMN()-COLUMN($AT$100))/3)*4) -> 171018 | BC6: =INDEX('Screen Printing'!$BY91:$ZZ91,1,1+INT((COLUMN()-COLUMN($AT$100))/3)*4) -> 203730 | BF6: =INDEX('Screen Printing'!$BY91:$ZZ91,1,1+INT((COLUMN()-COLUMN($AT$100))/3)*4) -> 136116 | BI6: =INDEX('Screen Printing'!$BY91:$ZZ91,1,1+INT((COLUMN()-COLUMN($AT$100))/3)*4) -> 210153.6 | BL6: =INDEX('Screen Printing'!$BY91:$ZZ91,1,1+INT((COLUMN()-COLUMN($AT$100))/3)*4) -> 253099.8 | BO6: =INDEX('Screen Printing'!$BY91:$ZZ91,1,1+INT((COLUMN()-COLUMN($AT$100))/3)*4) -> 178735.8 | BR6: =INDEX('Screen Printing'!$BY91:$ZZ91,1,1+INT((COLUMN()-COLUMN($AT$100))/3)*4) -> 173695.8 | BU6: =INDEX('Screen Printing'!$BY91:$ZZ91,1,1+INT((COLUMN()-COLUMN($AT$100))/3)*4) -> 176923.8 | BX6: =INDEX('Screen Printing'!$BY91:$ZZ91,1,1+INT((COLUMN()-COLUMN($AT$100))/3)*4) -> 229123.2 | CA6: =INDEX('Screen Printing'!$BY91:$ZZ91,1,1+INT((COLUMN()-COLUMN($AT$100))/3)*4) -> 206524.5 | CD6: =INDEX('Screen Printing'!$BY91:$ZZ91,1,1+INT((COLUMN()-COLUMN($AT$100))/3)*4) -> 205510.5 | CG6: =INDEX('Screen Printing'!$BY91:$ZZ91,1,1+INT((COLUMN()-COLUMN($AT$100))/3)*4) -> 201760.5 | CJ6: =INDEX('Screen Printing'!$BY91:$ZZ91,1,1+INT((COLUMN()-COLUMN($AT$100))/3)*4) -> 159706.5 | CM6: =INDEX('Screen Printing'!$BY91:$ZZ91,1,1+INT((COLUMN()-COLUMN($AT$100))/3)*4) -> 252373.5 | CP6: =INDEX('Screen Printing'!$BY91:$ZZ91,1,1+INT((COLUMN()-COLUMN($AT$100))/3)*4) -> 253585.5 | CS6: =INDEX('Screen Printing'!$BY91:$ZZ91,1,1+INT((COLUMN()-COLUMN($AT$100))/3)*4) -> 252757.5 | CV6: =INDEX('Screen Printing'!$BY91:$ZZ91,1,1+INT((COLUMN()-COLUMN($AT$100))/3)*4) -> 237520.5
C7: ADD (25 M) | D7: 10 | G7: KEBUTUHAN MEJA | J7: ='Screen Printing'!J92 -> 0 | M7: ='Screen Printing'!M92 -> 0 | P7: ='Screen Printing'!P92 -> 0 | S7: ='Screen Printing'!S92 -> 10.99564 | V7: {=INDEX('Screen Printing'!$V92:$ZZ92,1,1+INT((COLUMN()-COLUMN($V$112))/3)*4)} -> 34.5 | Y7: {=INDEX('Screen Printing'!$V92:$ZZ92,1,1+INT((COLUMN()-COLUMN($V$112))/3)*4)} -> 26.5 | AB7: {=INDEX('Screen Printing'!$V92:$ZZ92,1,1+INT((COLUMN()-COLUMN($V$112))/3)*4)} -> 33 | AE7: {=INDEX('Screen Printing'!$V92:$ZZ92,1,1+INT((COLUMN()-COLUMN($V$112))/3)*4)} -> 33 | AH7: {=INDEX('Screen Printing'!$V92:$ZZ92,1,1+INT((COLUMN()-COLUMN($V$112))/3)*4)} -> 25 | AK7: {=INDEX('Screen Printing'!$V92:$ZZ92,1,1+INT((COLUMN()-COLUMN($V$112))/3)*4)} -> 12 | AN7: ='Screen Printing'!BI92 -> 38 | AQ7: ='Screen Printing'!BM92 -> 12 | AT7: =INDEX('Screen Printing'!$BY92:$ZZ92,1,1+INT((COLUMN()-COLUMN($AT$100))/3)*4) -> 27.5 | AW7: =INDEX('Screen Printing'!$BY92:$ZZ92,1,1+INT((COLUMN()-COLUMN($AT$100))/3)*4) -> 32 | AZ7: =INDEX('Screen Printing'!$BY92:$ZZ92,1,1+INT((COLUMN()-COLUMN($AT$100))/3)*4) -> 33 | BC7: =INDEX('Screen Printing'!$BY92:$ZZ92,1,1+INT((COLUMN()-COLUMN($AT$100))/3)*4) -> 30.5 | BF7: =INDEX('Screen Printing'!$BY92:$ZZ92,1,1+INT((COLUMN()-COLUMN($AT$100))/3)*4) -> 26.5 | BI7: =INDEX('Screen Printing'!$BY92:$ZZ92,1,1+INT((COLUMN()-COLUMN($AT$100))/3)*4) -> 38.5 | BL7: =INDEX('Screen Printing'!$BY92:$ZZ92,1,1+INT((COLUMN()-COLUMN($AT$100))/3)*4) -> 40.5 | BO7: =INDEX('Screen Printing'!$BY92:$ZZ92,1,1+INT((COLUMN()-COLUMN($AT$100))/3)*4) -> 30.5 | BR7: =INDEX('Screen Printing'!$BY92:$ZZ92,1,1+INT((COLUMN()-COLUMN($AT$100))/3)*4) -> 28 | BU7: =INDEX('Screen Printing'!$BY92:$ZZ92,1,1+INT((COLUMN()-COLUMN($AT$100))/3)*4) -> 28 | BX7: =INDEX('Screen Printing'!$BY92:$ZZ92,1,1+INT((COLUMN()-COLUMN($AT$100))/3)*4) -> 29 | CA7: =INDEX('Screen Printing'!$BY92:$ZZ92,1,1+INT((COLUMN()-COLUMN($AT$100))/3)*4) -> 37.5 | CD7: =INDEX('Screen Printing'!$BY92:$ZZ92,1,1+INT((COLUMN()-COLUMN($AT$100))/3)*4) -> 33 | CG7: =INDEX('Screen Printing'!$BY92:$ZZ92,1,1+INT((COLUMN()-COLUMN($AT$100))/3)*4) -> 30.5 | CJ7: =INDEX('Screen Printing'!$BY92:$ZZ92,1,1+INT((COLUMN()-COLUMN($AT$100))/3)*4) -> 30 | CM7: =INDEX('Screen Printing'!$BY92:$ZZ92,1,1+INT((COLUMN()-COLUMN($AT$100))/3)*4) -> 35 | CP7: =INDEX('Screen Printing'!$BY92:$ZZ92,1,1+INT((COLUMN()-COLUMN($AT$100))/3)*4) -> 35.5 | CS7: =INDEX('Screen Printing'!$BY92:$ZZ92,1,1+INT((COLUMN()-COLUMN($AT$100))/3)*4) -> 43 | CV7: =INDEX('Screen Printing'!$BY92:$ZZ92,1,1+INT((COLUMN()-COLUMN($AT$100))/3)*4) -> 32
C8: TOTAL MEJA SABLON | D8: =SUM(D6:D7) -> 41 | G8: KAPASITAS MEJA | J8: ='Screen Printing'!J93 -> 31 | M8: ='Screen Printing'!M93 -> 31 | P8: ='Screen Printing'!P93 -> 31 | S8: ='Screen Printing'!S93 -> 31 | V8: {=INDEX('Screen Printing'!$V93:$ZZ93,1,1+INT((COLUMN()-COLUMN($V$112))/3)*4)} -> 31 | Y8: {=INDEX('Screen Printing'!$V93:$ZZ93,1,1+INT((COLUMN()-COLUMN($V$112))/3)*4)} -> 31 | AB8: {=INDEX('Screen Printing'!$V93:$ZZ93,1,1+INT((COLUMN()-COLUMN($V$112))/3)*4)} -> 31 | AE8: {=INDEX('Screen Printing'!$V93:$ZZ93,1,1+INT((COLUMN()-COLUMN($V$112))/3)*4)} -> 31 | AH8: {=INDEX('Screen Printing'!$V93:$ZZ93,1,1+INT((COLUMN()-COLUMN($V$112))/3)*4)} -> 31 | AK8: {=INDEX('Screen Printing'!$V93:$ZZ93,1,1+INT((COLUMN()-COLUMN($V$112))/3)*4)} -> 31 | AN8: ='Screen Printing'!BI93 -> 31 | AQ8: ='Screen Printing'!BM93 -> 31 | AT8: =INDEX('Screen Printing'!$BY93:$ZZ93,1,1+INT((COLUMN()-COLUMN($AT$100))/3)*4) -> 31 | AW8: =INDEX('Screen Printing'!$BY93:$ZZ93,1,1+INT((COLUMN()-COLUMN($AT$100))/3)*4) -> 31 | AZ8: =INDEX('Screen Printing'!$BY93:$ZZ93,1,1+INT((COLUMN()-COLUMN($AT$100))/3)*4) -> 31 | BC8: =INDEX('Screen Printing'!$BY93:$ZZ93,1,1+INT((COLUMN()-COLUMN($AT$100))/3)*4) -> 31 | BF8: =INDEX('Screen Printing'!$BY93:$ZZ93,1,1+INT((COLUMN()-COLUMN($AT$100))/3)*4) -> 31 | BI8: =INDEX('Screen Printing'!$BY93:$ZZ93,1,1+INT((COLUMN()-COLUMN($AT$100))/3)*4) -> 31 | BL8: =INDEX('Screen Printing'!$BY93:$ZZ93,1,1+INT((COLUMN()-COLUMN($AT$100))/3)*4) -> 31 | BO8: =INDEX('Screen Printing'!$BY93:$ZZ93,1,1+INT((COLUMN()-COLUMN($AT$100))/3)*4) -> 31 | BR8: =INDEX('Screen Printing'!$BY93:$ZZ93,1,1+INT((COLUMN()-COLUMN($AT$100))/3)*4) -> 31 | BU8: =INDEX('Screen Printing'!$BY93:$ZZ93,1,1+INT((COLUMN()-COLUMN($AT$100))/3)*4) -> 31 | BX8: =INDEX('Screen Printing'!$BY93:$ZZ93,1,1+INT((COLUMN()-COLUMN($AT$100))/3)*4) -> 31 | CA8: =INDEX('Screen Printing'!$BY93:$ZZ93,1,1+INT((COLUMN()-COLUMN($AT$100))/3)*4) -> 31 | CD8: =INDEX('Screen Printing'!$BY93:$ZZ93,1,1+INT((COLUMN()-COLUMN($AT$100))/3)*4) -> 31 | CG8: =INDEX('Screen Printing'!$BY93:$ZZ93,1,1+INT((COLUMN()-COLUMN($AT$100))/3)*4) -> 31 | CJ8: =INDEX('Screen Printing'!$BY93:$ZZ93,1,1+INT((COLUMN()-COLUMN($AT$100))/3)*4) -> 31 | CM8: =INDEX('Screen Printing'!$BY93:$ZZ93,1,1+INT((COLUMN()-COLUMN($AT$100))/3)*4) -> 31 | CP8: =INDEX('Screen Printing'!$BY93:$ZZ93,1,1+INT((COLUMN()-COLUMN($AT$100))/3)*4) -> 31 | CS8: =INDEX('Screen Printing'!$BY93:$ZZ93,1,1+INT((COLUMN()-COLUMN($AT$100))/3)*4) -> 31 | CV8: =INDEX('Screen Printing'!$BY93:$ZZ93,1,1+INT((COLUMN()-COLUMN($AT$100))/3)*4) -> 31
G9: +/- | J9: ='Screen Printing'!J94 -> 31 | M9: ='Screen Printing'!M94 -> 31 | P9: ='Screen Printing'!P94 -> 31 | S9: ='Screen Printing'!S94 -> 20.00436 | V9: {=INDEX('Screen Printing'!$V94:$ZZ94,1,1+INT((COLUMN()-COLUMN($V$112))/3)*4)} -> -3.5 | Y9: {=INDEX('Screen Printing'!$V94:$ZZ94,1,1+INT((COLUMN()-COLUMN($V$112))/3)*4)} -> 4.5 | AB9: {=INDEX('Screen Printing'!$V94:$ZZ94,1,1+INT((COLUMN()-COLUMN($V$112))/3)*4)} -> -2 | AE9: {=INDEX('Screen Printing'!$V94:$ZZ94,1,1+INT((COLUMN()-COLUMN($V$112))/3)*4)} -> -2 | AH9: {=INDEX('Screen Printing'!$V94:$ZZ94,1,1+INT((COLUMN()-COLUMN($V$112))/3)*4)} -> 6 | AK9: {=INDEX('Screen Printing'!$V94:$ZZ94,1,1+INT((COLUMN()-COLUMN($V$112))/3)*4)} -> 19 | AN9: ='Screen Printing'!BI94 -> -7 | AQ9: ='Screen Printing'!BM94 -> 19 | AT9: =INDEX('Screen Printing'!$BY94:$ZZ94,1,1+INT((COLUMN()-COLUMN($AT$100))/3)*4) -> 3.5 | AW9: =INDEX('Screen Printing'!$BY94:$ZZ94,1,1+INT((COLUMN()-COLUMN($AT$100))/3)*4) -> -1 | AZ9: =INDEX('Screen Printing'!$BY94:$ZZ94,1,1+INT((COLUMN()-COLUMN($AT$100))/3)*4) -> -2 | BC9: =INDEX('Screen Printing'!$BY94:$ZZ94,1,1+INT((COLUMN()-COLUMN($AT$100))/3)*4) -> 0.5 | BF9: =INDEX('Screen Printing'!$BY94:$ZZ94,1,1+INT((COLUMN()-COLUMN($AT$100))/3)*4) -> 4.5 | BI9: =INDEX('Screen Printing'!$BY94:$ZZ94,1,1+INT((COLUMN()-COLUMN($AT$100))/3)*4) -> -7.5 | BL9: =INDEX('Screen Printing'!$BY94:$ZZ94,1,1+INT((COLUMN()-COLUMN($AT$100))/3)*4) -> -9.5 | BO9: =INDEX('Screen Printing'!$BY94:$ZZ94,1,1+INT((COLUMN()-COLUMN($AT$100))/3)*4) -> 0.5 | BR9: =INDEX('Screen Printing'!$BY94:$ZZ94,1,1+INT((COLUMN()-COLUMN($AT$100))/3)*4) -> 3 | BU9: =INDEX('Screen Printing'!$BY94:$ZZ94,1,1+INT((COLUMN()-COLUMN($AT$100))/3)*4) -> 3 | BX9: =INDEX('Screen Printing'!$BY94:$ZZ94,1,1+INT((COLUMN()-COLUMN($AT$100))/3)*4) -> 2 | CA9: =INDEX('Screen Printing'!$BY94:$ZZ94,1,1+INT((COLUMN()-COLUMN($AT$100))/3)*4) -> -6.5 | CD9: =INDEX('Screen Printing'!$BY94:$ZZ94,1,1+INT((COLUMN()-COLUMN($AT$100))/3)*4) -> -2 | CG9: =INDEX('Screen Printing'!$BY94:$ZZ94,1,1+INT((COLUMN()-COLUMN($AT$100))/3)*4) -> 0.5 | CJ9: =INDEX('Screen Printing'!$BY94:$ZZ94,1,1+INT((COLUMN()-COLUMN($AT$100))/3)*4) -> 1 | CM9: =INDEX('Screen Printing'!$BY94:$ZZ94,1,1+INT((COLUMN()-COLUMN($AT$100))/3)*4) -> -4 | CP9: =INDEX('Screen Printing'!$BY94:$ZZ94,1,1+INT((COLUMN()-COLUMN($AT$100))/3)*4) -> -4.5 | CS9: =INDEX('Screen Printing'!$BY94:$ZZ94,1,1+INT((COLUMN()-COLUMN($AT$100))/3)*4) -> -12 | CV9: =INDEX('Screen Printing'!$BY94:$ZZ94,1,1+INT((COLUMN()-COLUMN($AT$100))/3)*4) -> -1
G10: TOTAL BALANCE | V10: =SUM(V6) -> 159612 | Y10: =SUM(Y6:AM6) -> 750423 | AB10: =SUM(AB6:AP6) -> 892756.5 | AN10: =SUM(AN6:AY6) -> 689577 | AQ10: =SUM(AQ6:BB6) -> 602848.5 | AZ10: =SUM(AZ6:BK6) -> 721017.6 | BC10: =SUM(BC6:BN6) -> 803099.4 | BL10: =SUM(BL6:BZ6) -> 1011578.4 | BO10: =SUM(BO6:CC6) -> 965003.1 | CA10: =SUM(CA6:CL6) -> 773502 | CD10: =SUM(CD6:CO6) -> 819351 | CM10: =SUM(CM6:CX6) -> 996237 | CP10: =SUM(CP6:DA6) -> 743863.5
V13: SEPT | Y13: OCTOBER | AN13: NOVEMBER | AZ13: DECEMBER | BL13: JANUARY | CA13: FEBRUARY | CM13: MARCH
J14: =+#REF! -> #REF! | M14: ='Auto Print'!P22 -> 0 | P14: ='Auto Print'!S22 -> 2064 | S14: ='Auto Print'!V22 -> 3906 | V14: W39 | Y14: W40 | AB14: W41 | AE14: W42 | AH14: W43 | AK14: W44 | AN14: W45 | AQ14: W46 | AT14: W47 | AW14: W48 | AZ14: W49 | BC14: W50 | BF14: W51 | BI14: W52 | BL14: W1 | BO14: W2 | BR14: W3 | BU14: W4 | BX14: W5 | CA14: W6 | CD14: W7 | CG14: W8 | CJ14: W9 | CM14: W10 | CP14: W11 | CS14: W12 | CV14: W13
C15: TOTAL MESIN | D15: 1 | G15: BALANCE/WEEK | J15: =#REF! -> #REF! | M15: ='Auto Print'!P23 -> 0 | P15: ='Auto Print'!S23 -> 2064 | S15: ='Auto Print'!V23 -> 4782 | V15: ='Auto Print'!Y32 -> 33935 | Y15: ='Auto Print'!AB32 -> 13969 | AB15: ='Auto Print'!AE32 -> 46578 | AE15: ='Auto Print'!AH32 -> 43824 | AH15: ='Auto Print'!AK32 -> 26214 | AK15: ='Auto Print'!AN32 -> 0 | AN15: ='Auto Print'!AW32 -> 13317 | AQ15: ='Auto Print'!AZ32 -> 2715 | AT15: ='Auto Print'!BC32 -> 68733 | AW15: ='Auto Print'!BF32 -> 10071 | AZ15: ='Auto Print'!BI32 -> 31620 | BC15: ='Auto Print'!BL32 -> 34512 | BF15: ='Auto Print'!BO32 -> 26496 | BI15: ='Auto Print'!BR32 -> 52852.8 | BL15: ='Auto Print'!BU32 -> 16747.2 | BO15: ='Auto Print'!BX32 -> 9031.2 | BR15: ='Auto Print'!CA32 -> 8467.2 | BU15: ='Auto Print'!CD32 -> 11731.2 | BX15: ='Auto Print'!CG32 -> 31667.4 | CA15: ='Auto Print'!CJ32 -> 27861 | CD15: ='Auto Print'!CM32 -> 27861 | CG15: ='Auto Print'!CP32 -> 27861 | CJ15: ='Auto Print'!CS32 -> 23992.5 | CM15: ='Auto Print'!CV32 -> 55393.5 | CP15: ='Auto Print'!CY32 -> 55393.5 | CS15: ='Auto Print'!DB32 -> 55393.5 | CV15: ='Auto Print'!DE32 -> 38025
A16: AUTO PRINTING | C16: ADD (MESIN) | D16: 2 | G16: KEBUTUHAN MESIN | J16: =#REF! -> #REF! | M16: ='Auto Print'!P24 -> 0 | P16: ='Auto Print'!S24 -> 0 | S16: ='Auto Print'!V24 -> 0 | V16: ='Auto Print'!Y33 -> 0.91533623 | Y16: ='Auto Print'!AB33 -> 0.43777739 | AB16: ='Auto Print'!AE33 -> 1.2225486 | AE16: ='Auto Print'!AH33 -> 1.1908386 | AH16: ='Auto Print'!AK33 -> 0.76910105 | AK16: ='Auto Print'!AN33 -> 0 | AN16: ='Auto Print'!AW33 -> 0.43095793 | AQ16: ='Auto Print'!AZ33 -> 0.10189047 | AT16: ='Auto Print'!BC33 -> 2.4617371 | AW16: ='Auto Print'!BF33 -> 0.37795172 | AZ16: ='Auto Print'!BI33 -> 1.0826807 | BC16: ='Auto Print'!BL33 -> 1.1912137 | BF16: ='Auto Print'!BO33 -> 0.89038351 | BI16: ='Auto Print'!BR33 -> 2.2810849 | BL16: ='Auto Print'!BU33 -> 0.73574287 | BO16: ='Auto Print'!BX33 -> 0.31709359 | BR16: ='Auto Print'!CA33 -> 0.29592739 | BU16: ='Auto Print'!CD33 -> 0.41842112 | BX16: ='Auto Print'!CG33 -> 1.1770669 | CA16: ='Auto Print'!CJ33 -> 1.252304 | CD16: ='Auto Print'!CM33 -> 1.0326015 | CG16: ='Auto Print'!CP33 -> 1.0326015 | CJ16: ='Auto Print'!CS33 -> 0.88526491 | CM16: ='Auto Print'!CV33 -> 1.9358743 | CP16: ='Auto Print'!CY33 -> 1.9358743 | CS16: ='Auto Print'!DB33 -> 2.3477624 | CV16: ='Auto Print'!DE33 -> 1.2743735
C17: TOTAL | D17: 3 | G17: KAPASITAS MESIN | J17: =+$D$58 -> 0 | M17: ='Auto Print'!P25 -> 0 | P17: ='Auto Print'!S25 -> 2796 | S17: ='Auto Print'!V25 -> 4308 | V17: ='Auto Print'!Y34 -> 1 | Y17: ='Auto Print'!AB34 -> 1 | AB17: ='Auto Print'!AE34 -> 1 | AE17: ='Auto Print'!AH34 -> 1 | AH17: ='Auto Print'!AK34 -> 1 | AK17: ='Auto Print'!AN34 -> 1 | AN17: ='Auto Print'!AW34 -> 1 | AQ17: ='Auto Print'!AZ34 -> 1 | AT17: ='Auto Print'!BC34 -> 1 | AW17: ='Auto Print'!BF34 -> 1 | AZ17: ='Auto Print'!BI34 -> 1 | BC17: ='Auto Print'!BL34 -> 1 | BF17: ='Auto Print'!BO34 -> 1 | BI17: ='Auto Print'!BR34 -> 1 | BL17: ='Auto Print'!BU34 -> 1 | BO17: ='Auto Print'!BX34 -> 1 | BR17: ='Auto Print'!CA34 -> 1 | BU17: ='Auto Print'!CD34 -> 1 | BX17: ='Auto Print'!CG34 -> 1 | CA17: ='Auto Print'!CJ34 -> 1 | CD17: ='Auto Print'!CM34 -> 1 | CG17: ='Auto Print'!CP34 -> 1 | CJ17: ='Auto Print'!CS34 -> 1 | CM17: ='Auto Print'!CV34 -> 1 | CP17: ='Auto Print'!CY34 -> 1 | CS17: ='Auto Print'!DB34 -> 1 | CV17: ='Auto Print'!DE34 -> 1
G18: +/- | J18: =J17-J16 -> #REF! | M18: =M17-M16 -> 0 | P18: =P17-P16 -> 2796 | S18: =S17-S16 -> 4308 | V18: ='Auto Print'!Y35 -> 0.084663772 | Y18: ='Auto Print'!AB35 -> 0.56222261 | AB18: ='Auto Print'!AE35 -> -0.22254856 | AE18: ='Auto Print'!AH35 -> -0.19083855 | AH18: ='Auto Print'!AK35 -> 0.23089895 | AK18: ='Auto Print'!AN35 -> 1 | AN18: ='Auto Print'!AW35 -> 0.56904207 | AQ18: ='Auto Print'!AZ35 -> 0.89810953 | AT18: ='Auto Print'!BC35 -> -1.4617371 | AW18: ='Auto Print'!BF35 -> 0.62204828 | AZ18: ='Auto Print'!BI35 -> -0.08268066 | BC18: ='Auto Print'!BL35 -> -0.19121371 | BF18: ='Auto Print'!BO35 -> 0.10961649 | BI18: ='Auto Print'!BR35 -> -1.2810849 | BL18: ='Auto Print'!BU35 -> 0.26425713 | BO18: ='Auto Print'!BX35 -> 0.68290641 | BR18: ='Auto Print'!CA35 -> 0.70407261 | BU18: ='Auto Print'!CD35 -> 0.58157888 | BX18: ='Auto Print'!CG35 -> -0.17706695 | CA18: ='Auto Print'!CJ35 -> -0.25230396 | CD18: ='Auto Print'!CM35 -> -0.03260151 | CG18: ='Auto Print'!CP35 -> -0.03260151 | CJ18: ='Auto Print'!CS35 -> 0.11473509 | CM18: ='Auto Print'!CV35 -> -0.93587429 | CP18: ='Auto Print'!CY35 -> -0.93587429 | CS18: ='Auto Print'!DB35 -> -1.3477624 | CV18: ='Auto Print'!DE35 -> -0.27437354
G19: TOTAL BALANCE | V19: =SUM(V15) -> 33935 | Y19: =SUM(Y15:AM15) -> 130585 | AB19: =SUM(AB15:AP15) -> 129933 | AN19: =SUM(AN15:AY15) -> 94836 | AQ19: =SUM(AQ15:BB15) -> 113139 | AZ19: =SUM(AZ15:BK15) -> 145480.8 | BC19: =SUM(BC15:BN15) -> 130608 | BL19: =SUM(BL15:BZ15) -> 77644.2 | BO19: =SUM(BO15:CC15) -> 88758 | CA19: =SUM(CA15:CL15) -> 107575.5 | CD19: =SUM(CD15:CO15) -> 135108 | CM19: =SUM(CM15:CX15) -> 204205.5 | CP19: =SUM(CP15:DA15) -> 148812
V22: SEPT | Y22: OCTOBER | AN22: NOVEMBER | AZ22: DECEMBER | BL22: JANUARY | CA22: FEBRUARY | CM22: MARCH
J23: =+#REF! -> #REF! | M23: ='Auto Print'!P31 -> WEEK PRODUKSI 37 | P23: ='Auto Print'!S31 -> WEEK PRODUKSI 38 | S23: ='Auto Print'!V31 -> WEEK PRODUKSI 39 | V23: W39 | Y23: W40 | AB23: W41 | AE23: W42 | AH23: W43 | AK23: W44 | AN23: W45 | AQ23: W46 | AT23: W47 | AW23: W48 | AZ23: W49 | BC23: W50 | BF23: W51 | BI23: W52 | BL23: W1 | BO23: W2 | BR23: W3 | BU23: W4 | BX23: W5 | CA23: W6 | CD23: W7 | CG23: W8 | CJ23: W9 | CM23: W10 | CP23: W11 | CS23: W12 | CV23: W13
C24: TOTAL MESIN | D24: 2 | G24: BALANCE/WEEK | J24: =K9 -> 0 | M24: ='Auto Print'!P32 -> 0 | P24: ='Auto Print'!S32 -> 7575 | S24: ='Auto Print'!V32 -> 22052 | V24: ='Auto Print'!Y70 -> 33935 | Y24: ='Auto Print'!AB70 -> 13969 | AB24: ='Auto Print'!AE70 -> 46578 | AE24: ='Auto Print'!AH70 -> 43824 | AH24: ='Auto Print'!AK70 -> 26214 | AK24: ='Auto Print'!AN70 -> 0 | AN24: ='Auto Print'!AW70 -> 13317 | AQ24: ='Auto Print'!AZ70 -> 2715 | AT24: ='Auto Print'!BC70 -> 68733 | AW24: ='Auto Print'!BF70 -> 10071 | AZ24: ='Auto Print'!BI70 -> 31620 | BC24: ='Auto Print'!BL70 -> 34512 | BF24: ='Auto Print'!BO70 -> 26496 | BI24: ='Auto Print'!BR70 -> 52852.8 | BL24: ='Auto Print'!BU70 -> 16747.2 | BO24: ='Auto Print'!BX70 -> 9031.2 | BR24: ='Auto Print'!CA70 -> 8467.2 | BU24: ='Auto Print'!CD70 -> 11731.2 | BX24: ='Auto Print'!CG70 -> 31667.4 | CA24: ='Auto Print'!CJ70 -> 27861 | CD24: ='Auto Print'!CM70 -> 27861 | CG24: ='Auto Print'!CP70 -> 27861 | CJ24: ='Auto Print'!CS70 -> 23992.5 | CM24: ='Auto Print'!CV70 -> 55393.5 | CP24: ='Auto Print'!CY70 -> 55393.5 | CS24: ='Auto Print'!DB70 -> 55393.5 | CV24: ='Auto Print'!DE70 -> 38025
A25: AUTO CUTTING | C25: ADD | D25: 0 | G25: KEBUTUHAN MESIN | J25: =L9 -> 0 | M25: ='Auto Print'!P33 -> 0 | P25: ='Auto Print'!S33 -> 0 | S25: ='Auto Print'!V33 -> 0.61674332 | V25: ='Auto Print'!Y71 -> 0.69238283 | Y25: ='Auto Print'!AB71 -> 0.28558506 | AB25: ='Auto Print'!AE71 -> 1.0236499 | AE25: ='Auto Print'!AH71 -> 0.92664426 | AH25: ='Auto Print'!AK71 -> 0.5630016 | AK25: ='Auto Print'!AN71 -> 0 | AN25: ='Auto Print'!AW71 -> 0.24737903 | AQ25: ='Auto Print'!AZ71 -> 0.050434336 | AT25: ='Auto Print'!BC71 -> 1.2767968 | AW25: ='Auto Print'!BF71 -> 0.18708074 | AZ25: ='Auto Print'!BI71 -> 0.5873789 | BC25: ='Auto Print'!BL71 -> 0.64110122 | BF25: ='Auto Print'!BO71 -> 0.49219454 | BI25: ='Auto Print'!BR71 -> 1.3628659 | BL25: ='Auto Print'!BU71 -> 0.54945862 | BO25: ='Auto Print'!BX71 -> 0.30972854 | BR25: ='Auto Print'!CA71 -> 0.29925158 | BU25: ='Auto Print'!CD71 -> 0.35988424 | BX25: ='Auto Print'!CG71 -> 1.8114317 | CA25: ='Auto Print'!CJ71 -> 2.11109 | CD25: ='Auto Print'!CM71 -> 1.7407233 | CG25: ='Auto Print'!CP71 -> 1.7407233 | CJ25: ='Auto Print'!CS71 -> 1.4460501 | CM25: ='Auto Print'!CV71 -> 2.0293609 | CP25: ='Auto Print'!CY71 -> 2.0293609 | CS25: ='Auto Print'!DB71 -> 2.4611398 | CV25: ='Auto Print'!DE71 -> 0.70635935
C26: TOTAL | D26: 2 | G26: KAPASITAS MESIN | J26: =+$D$58 -> 0 | M26: ='Auto Print'!P34 -> 1 | P26: ='Auto Print'!S34 -> 1 | S26: ='Auto Print'!V34 -> 1 | V26: ='Auto Print'!Y72 -> 2 | Y26: ='Auto Print'!AB72 -> 2 | AB26: ='Auto Print'!AE72 -> 2 | AE26: ='Auto Print'!AH72 -> 2 | AH26: ='Auto Print'!AK72 -> 2 | AK26: ='Auto Print'!AN72 -> 2 | AN26: ='Auto Print'!AW72 -> 2 | AQ26: ='Auto Print'!AZ72 -> 2 | AT26: ='Auto Print'!BC72 -> 2 | AW26: ='Auto Print'!BF72 -> 2 | AZ26: ='Auto Print'!BI72 -> 2 | BC26: ='Auto Print'!BL72 -> 2 | BF26: ='Auto Print'!BO72 -> 2 | BI26: ='Auto Print'!BR72 -> 2 | BL26: ='Auto Print'!BU72 -> 2 | BO26: ='Auto Print'!BX72 -> 2 | BR26: ='Auto Print'!CA72 -> 2 | BU26: ='Auto Print'!CD72 -> 2 | BX26: ='Auto Print'!CG72 -> 2 | CA26: ='Auto Print'!CJ72 -> 2 | CD26: ='Auto Print'!CM72 -> 2 | CG26: ='Auto Print'!CP72 -> 2 | CJ26: ='Auto Print'!CS72 -> 2 | CM26: ='Auto Print'!CV72 -> 2 | CP26: ='Auto Print'!CY72 -> 2 | CS26: ='Auto Print'!DB72 -> 2 | CV26: ='Auto Print'!DE72 -> 2
G27: +/- | J27: =J26-J25 -> 0 | M27: =M26-M25 -> 1 | P27: =P26-P25 -> 1 | S27: =S26-S25 -> 0.38325668 | V27: ='Auto Print'!Y73 -> 1.3076172 | Y27: ='Auto Print'!AB73 -> 1.7144149 | AB27: ='Auto Print'!AE73 -> 0.97635009 | AE27: ='Auto Print'!AH73 -> 1.0733557 | AH27: ='Auto Print'!AK73 -> 1.4369984 | AK27: ='Auto Print'!AN73 -> 2 | AN27: ='Auto Print'!AW73 -> 1.752621 | AQ27: ='Auto Print'!AZ73 -> 1.9495657 | AT27: ='Auto Print'!BC73 -> 0.72320323 | AW27: ='Auto Print'!BF73 -> 1.8129193 | AZ27: ='Auto Print'!BI73 -> 1.4126211 | BC27: ='Auto Print'!BL73 -> 1.3588988 | BF27: ='Auto Print'!BO73 -> 1.5078055 | BI27: ='Auto Print'!BR73 -> 0.63713413 | BL27: ='Auto Print'!BU73 -> 1.4505414 | BO27: ='Auto Print'!BX73 -> 1.6902715 | BR27: ='Auto Print'!CA73 -> 1.7007484 | BU27: ='Auto Print'!CD73 -> 1.6401158 | BX27: ='Auto Print'!CG73 -> 0.18856829 | CA27: ='Auto Print'!CJ73 -> -0.11108999 | CD27: ='Auto Print'!CM73 -> 0.25927667 | CG27: ='Auto Print'!CP73 -> 0.25927667 | CJ27: ='Auto Print'!CS73 -> 0.55394986 | CM27: ='Auto Print'!CV73 -> -0.02936085 | CP27: ='Auto Print'!CY73 -> -0.02936085 | CS27: ='Auto Print'!DB73 -> -0.46113975 | CV27: ='Auto Print'!DE73 -> 1.2936407
G28: TOTAL BALANCE | V28: =SUM(V24) -> 33935 | Y28: =SUM(Y24:AM24) -> 130585 | AB28: =SUM(AB24:AP24) -> 129933 | AN28: =SUM(AN24:AY24) -> 94836 | AQ28: =SUM(AQ24:BB24) -> 113139 | AZ28: =SUM(AZ24:BK24) -> 145480.8 | BC28: =SUM(BC24:BN24) -> 130608 | BL28: =SUM(BL24:BZ24) -> 77644.2 | BO28: =SUM(BO24:CC24) -> 88758 | CA28: =SUM(CA24:CL24) -> 107575.5 | CD28: =SUM(CD24:CO24) -> 135108 | CM28: =SUM(CM24:CX24) -> 204205.5 | CP28: =SUM(CP24:DA24) -> 148812
V31: SEPT | Y31: OCTOBER | AN31: NOVEMBER | AZ31: DECEMBER | BL31: JANUARY | CA31: FEBRUARY | CM31: MARCH
J32: =+#REF! -> #REF! | M32: =Emboss!P61 -> WEEK PRODUKSI 37 | P32: =Emboss!S61 -> WEEK PRODUKSI 38 | S32: =Emboss!V61 -> WEEK PRODUKSI 39 | V32: W39 | Y32: W40 | AB32: W41 | AE32: W42 | AH32: W43 | AK32: W44 | AN32: W45 | AQ32: W46 | AT32: W47 | AW32: W48 | AZ32: W49 | BC32: W50 | BF32: W51 | BI32: W52 | BL32: W1 | BO32: W2 | BR32: W3 | BU32: W4 | BX32: W5 | CA32: W6 | CD32: W7 | CG32: W8 | CJ32: W9 | CM32: W10 | CP32: W11 | CS32: W12 | CV32: W13
G33: BALANCE/WEEK | J33: =K$89 -> 0 | M33: =Emboss!P62 -> 702 | P33: =Emboss!S62 -> 14086 | S33: =Emboss!V62 -> 90290 | V33: =Emboss!Y62 -> 106700 | Y33: =Emboss!AB62 -> 90332 | AB33: =Emboss!AE62 -> 165918 | AE33: =Emboss!AH62 -> 128246 | AH33: =Emboss!AK62 -> 140064 | AK33: =Emboss!AN62 -> 32490 | AN33: =Emboss!AQ62 -> 19800 | AQ33: =Emboss!AZ62 -> 53817 | AT33: =Emboss!BC62 -> 6813 | AW33: =Emboss!BF62 -> 34017 | AZ33: =Emboss!BR62 -> 74365.5 | BC33: =Emboss!BU62 -> 83155.5 | BF33: =Emboss!BX62 -> 63523.5 | BI33: =Emboss!CA62 -> 117162.7 | BL33: =Emboss!CD62 -> 40788.4 | BO33: =Emboss!CG62 -> 25356.4 | BR33: =Emboss!CJ62 -> 24228.4 | BU33: =Emboss!CM62 -> 30756.4 | BX33: =Emboss!CP62 -> 87278.2 | CA33: =Emboss!CS62 -> 81371.5 | CD33: =Emboss!CV62 -> 84143.5 | CG33: =Emboss!CY62 -> 79643.5 | CJ33: =Emboss!DB62 -> 64305 | CM33: =Emboss!DE62 -> 127072.5 | CP33: =Emboss!DH62 -> 127072.5 | CS33: =Emboss!DK62 -> 127072.5 | CV33: =Emboss!DN62 -> 82362
A34: EMBOSS | C34: TOTAL MESIN | D34: 22 | G34: KEBUTUHAN MESIN | J34: =L$89 -> 0 | M34: =Emboss!P63 -> 0 | P34: =Emboss!S63 -> 0 | S34: =Emboss!V63 -> 12.53807 | V34: =Emboss!Y63 -> 14.856964 | Y34: =Emboss!AB63 -> 12.573359 | AB34: =Emboss!AE63 -> 22.851502 | AE34: =Emboss!AH63 -> 18.815962 | AH34: =Emboss!AK63 -> 23.066017 | AK34: =Emboss!AN63 -> 5.5423561 | AN34: =Emboss!AQ63 -> 3.1634615 | AQ34: =Emboss!AZ63 -> 7.8921471 | AT34: =Emboss!BC63 -> 0.85124133 | AW34: =Emboss!BF63 -> 4.7286856 | AZ34: =Emboss!BR63 -> 9.6180265 | BC34: =Emboss!BU63 -> 10.805826 | BF34: =Emboss!BX63 -> 8.23278 | BI34: =Emboss!CA63 -> 17.824679 | BL34: =Emboss!CD63 -> 5.7193179 | BO34: =Emboss!CG63 -> 2.7294257 | BR34: =Emboss!CJ63 -> 2.5868895 | BU34: =Emboss!CM63 -> 3.4117797 | BX34: =Emboss!CP63 -> 6.4781612 | CA34: =Emboss!CS63 -> 7.1073466 | CD34: =Emboss!CV63 -> 6.2579864 | CG34: =Emboss!CY63 -> 5.5390179 | CJ34: =Emboss!DB63 -> 5.4411131 | CM34: =Emboss!DE63 -> 13.882038 | CP34: =Emboss!DH63 -> 13.882038 | CS34: =Emboss!DK63 -> 16.966936 | CV34: =Emboss!DN63 -> 10.894759
C35: ADD 01/12 | D35: 10 | G35: KAPASITAS MESIN | J35: 22 | M35: =Emboss!P64 -> 22 | P35: =Emboss!S64 -> 22 | S35: =Emboss!V64 -> 22 | V35: =Emboss!Y64 -> 22 | Y35: =Emboss!AB64 -> 22 | AB35: =Emboss!AE64 -> 22 | AE35: =Emboss!AH64 -> 22 | AH35: =Emboss!AK64 -> 22 | AK35: =Emboss!AN64 -> 22 | AN35: =Emboss!AQ64 -> 22 | AQ35: =Emboss!AZ64 -> 22 | AT35: =Emboss!BC64 -> 22 | AW35: =Emboss!BF64 -> 22 | AZ35: =Emboss!BR64 -> 32 | BC35: =Emboss!BU64 -> 32 | BF35: =Emboss!BX64 -> 32 | BI35: =Emboss!CA64 -> 32 | BL35: =Emboss!CD64 -> 32 | BO35: =Emboss!CG64 -> 32 | BR35: =Emboss!CJ64 -> 32 | BU35: =Emboss!CM64 -> 32 | BX35: =Emboss!CP64 -> 32 | CA35: =Emboss!CS64 -> 32 | CD35: =Emboss!CV64 -> 32 | CG35: =Emboss!CY64 -> 32 | CJ35: =Emboss!DB64 -> 32 | CM35: =Emboss!DE64 -> 32 | CP35: =Emboss!DH64 -> 32 | CS35: =Emboss!DK64 -> 32 | CV35: =Emboss!DN64 -> 32
C36: TOTAL MESIN | D36: =SUM(D34:D35) -> 32 | G36: +/- | J36: =J35-J34 -> 22 | M36: =Emboss!P65 -> 22 | P36: =Emboss!S65 -> 22 | S36: =Emboss!V65 -> 9.46193 | V36: =Emboss!Y65 -> 7.1430359 | Y36: =Emboss!AB65 -> 9.4266414 | AB36: =Emboss!AE65 -> -0.851502 | AE36: =Emboss!AH65 -> 3.1840382 | AH36: =Emboss!AK65 -> -1.0660166 | AK36: =Emboss!AN65 -> 16.457644 | AN36: =Emboss!AQ65 -> 18.836538 | AQ36: =Emboss!AZ65 -> 14.107853 | AT36: =Emboss!BC65 -> 21.148759 | AW36: =Emboss!BF65 -> 17.271314 | AZ36: =Emboss!BR65 -> 22.381974 | BC36: =Emboss!BU65 -> 21.194174 | BF36: =Emboss!BX65 -> 23.76722 | BI36: =Emboss!CA65 -> 14.175321 | BL36: =Emboss!CD65 -> 26.280682 | BO36: =Emboss!CG65 -> 29.270574 | BR36: =Emboss!CJ65 -> 29.413111 | BU36: =Emboss!CM65 -> 28.58822 | BX36: =Emboss!CP65 -> 25.521839 | CA36: =Emboss!CS65 -> 24.892653 | CD36: =Emboss!CV65 -> 25.742014 | CG36: =Emboss!CY65 -> 26.460982 | CJ36: =Emboss!DB65 -> 26.558887 | CM36: =Emboss!DE65 -> 18.117962 | CP36: =Emboss!DH65 -> 18.117962 | CS36: =Emboss!DK65 -> 15.033064 | CV36: =Emboss!DN65 -> 21.105241
G37: TOTAL BALANCE | V37: =SUM(V33) -> 106700 | Y37: =SUM(Y33:AM33) -> 557050 | AB37: =SUM(AB33:AP33) -> 486518 | AN37: =SUM(AN33:AY33) -> 114447 | AQ37: =SUM(AQ33:BB33) -> 169012.5 | AZ37: =SUM(AZ33:BK33) -> 338207.2 | BC37: =SUM(BC33:BN33) -> 304630.1 | BL37: =SUM(BL33:BZ33) -> 208407.8 | BO37: =SUM(BO33:CC33) -> 248990.9 | CA37: =SUM(CA33:CL33) -> 309463.5 | CD37: =SUM(CD33:CO33) -> 355164.5 | CM37: =SUM(CM33:CX33) -> 463579.5 | CP37: =SUM(CP33:DA33) -> 336507
V40: SEPT | Y40: OCTOBER | AN40: NOVEMBER | AZ40: DECEMBER | BL40: JANUARY | CA40: FEBRUARY | CM40: MARCH
J41: =+#REF! -> #REF! | M41: ='Cut Press'!P32 -> WEEK PRODUKSI 37 | P41: ='Cut Press'!S32 -> WEEK PRODUKSI 38 | S41: ='Cut Press'!V32 -> WEEK PRODUKSI 39 | V41: W39 | Y41: W40 | AB41: W41 | AE41: W42 | AH41: W43 | AK41: W44 | AN41: W45 | AQ41: W46 | AT41: W47 | AW41: W48 | AZ41: W49 | BC41: W50 | BF41: W51 | BI41: W52 | BL41: W1 | BO41: W2 | BR41: W3 | BU41: W4 | BX41: W5 | CA41: W6 | CD41: W7 | CG41: W8 | CJ41: W9 | CM41: W10 | CP41: W11 | CS41: W12 | CV41: W13
G42: BALANCE/WEEK | J42: =K$62 -> 0 | M42: ='Cut Press'!P34 -> 0 | P42: ='Cut Press'!S34 -> 9462 | S42: ='Cut Press'!V34 -> 12324 | V42: ='Cut Press'!Y34 -> 21786 | Y42: ='Cut Press'!AB34 -> 36030 | AB42: ='Cut Press'!AE34 -> 68376 | AE42: ='Cut Press'!AH34 -> 55860 | AH42: ='Cut Press'!AK34 -> 24456 | AK42: ='Cut Press'!AN34 -> 1362 | AN42: ='Cut Press'!AW34 -> 32293.5 | AQ42: ='Cut Press'!BC34 -> 4072.5 | AT42: ='Cut Press'!BF34 -> 110947.5 | AW42: ='Cut Press'!BI34 -> 26380.5 | AZ42: ='Cut Press'!BL34 -> 56629.5 | BC42: ='Cut Press'!BO34 -> 59863.5 | BF42: ='Cut Press'!BR34 -> 44239.5 | BI42: ='Cut Press'!BU34 -> 80077.5 | BL42: ='Cut Press'!BX34 -> 25533.6 | BO42: ='Cut Press'!CA34 -> 9849.6 | BR42: ='Cut Press'!CD34 -> 9003.6 | BU42: ='Cut Press'!CG34 -> 13899.6 | BX42: ='Cut Press'!CJ34 -> 15645.6 | CA42: ='Cut Press'!CM34 -> 10498.5 | CD42: ='Cut Press'!CP34 -> 10960.5 | CG42: ='Cut Press'!CS34 -> 10210.5 | CJ42: ='Cut Press'!CV34 -> 10210.5 | CM42: ='Cut Press'!CY34 -> 63454.5 | CP42: ='Cut Press'!DB34 -> 63454.5 | CS42: ='Cut Press'!DE34 -> 63454.5 | CV42: ='Cut Press'!DH34 -> 63454.5
A43: CUTTING PRESS | C43: 2 M/C | D43: 16 | G43: KEBUTUHAN HOLD | J43: =L$62 -> 0 | M43: ='Cut Press'!P35 -> 0 | P43: ='Cut Press'!S35 -> 0 | S43: ='Cut Press'!V35 -> 2.7151515 | V43: ='Cut Press'!Y35 -> 4.8796537 | Y43: ='Cut Press'!AB35 -> 8.5044733 | AB43: ='Cut Press'!AE35 -> 18.077922 | AE43: ='Cut Press'!AH35 -> 12.335931 | AH43: ='Cut Press'!AK35 -> 6.3792208 | AK43: ='Cut Press'!AN35 -> 0.78614719 | AN43: ='Cut Press'!AW35 -> 7.4831169 | AQ43: ='Cut Press'!BC35 -> 0.78354978 | AT43: ='Cut Press'!BF35 -> 21.921212 | AW43: ='Cut Press'!BI35 -> 0.74563492 | AZ43: ='Cut Press'!BL35 -> 10.37104 | BC43: ='Cut Press'!BO35 -> 11.517749 | BF43: ='Cut Press'!BR35 -> 8.5116883 | BI43: ='Cut Press'!BU35 -> 15.406926 | BL43: ='Cut Press'!BX35 -> 17.169524 | BO43: ='Cut Press'!CA35 -> 1.8950649 | BR43: ='Cut Press'!CD35 -> 1.7322944 | BU43: ='Cut Press'!CG35 -> 2.6742857 | BX43: ='Cut Press'!CJ35 -> 3.6791534 | CA43: ='Cut Press'!CM35 -> 2.6042328 | CD43: ='Cut Press'!CP35 -> 2.3974026 | CG43: ='Cut Press'!CS35 -> 1.9645022 | CJ43: ='Cut Press'!CV35 -> 1.9645022 | CM43: ='Cut Press'!CY35 -> 12.208658 | CP43: ='Cut Press'!DB35 -> 12.208658 | CS43: ='Cut Press'!DE35 -> 14.921693 | CV43: ='Cut Press'!DH35 -> 12.208658
A44: (Model 880,1906) | C44: ADD (2 MC) | D44: 16 | G44: KAPASITAS HOLD | J44: 8 | M44: ='Cut Press'!P36 -> 8 | P44: ='Cut Press'!S36 -> 8 | S44: ='Cut Press'!V36 -> 8 | V44: ='Cut Press'!Y36 -> 16 | Y44: ='Cut Press'!AB36 -> 16 | AB44: ='Cut Press'!AE36 -> 16 | AE44: ='Cut Press'!AH36 -> 16 | AH44: ='Cut Press'!AK36 -> 16 | AK44: ='Cut Press'!AN36 -> 16 | AN44: ='Cut Press'!AW36 -> 16 | AQ44: ='Cut Press'!BC36 -> 16 | AT44: ='Cut Press'!BF36 -> 16 | AW44: ='Cut Press'!BI36 -> 16 | AZ44: ='Cut Press'!BL36 -> 16 | BC44: ='Cut Press'!BO36 -> 16 | BF44: ='Cut Press'!BR36 -> 16 | BI44: ='Cut Press'!BU36 -> 16 | BL44: ='Cut Press'!BX36 -> 16 | BO44: ='Cut Press'!CA36 -> 16 | BR44: ='Cut Press'!CD36 -> 16 | BU44: ='Cut Press'!CG36 -> 16 | BX44: ='Cut Press'!CJ36 -> 16 | CA44: ='Cut Press'!CM36 -> 16 | CD44: ='Cut Press'!CP36 -> 16 | CG44: ='Cut Press'!CS36 -> 16 | CJ44: ='Cut Press'!CV36 -> 16 | CM44: ='Cut Press'!CY36 -> 16 | CP44: ='Cut Press'!DB36 -> 16 | CS44: ='Cut Press'!DE36 -> 16 | CV44: ='Cut Press'!DH36 -> 16
G45: +/- | J45: =J44-J43 -> 8 | M45: ='Cut Press'!P37 -> 8 | P45: ='Cut Press'!S37 -> 8 | S45: ='Cut Press'!V37 -> 5.2848485 | V45: ='Cut Press'!Y37 -> 11.120346 | Y45: ='Cut Press'!AB37 -> 7.4955267 | AB45: ='Cut Press'!AE37 -> -2.0779221 | AE45: ='Cut Press'!AH37 -> 3.6640693 | AH45: ='Cut Press'!AK37 -> 9.6207792 | AK45: ='Cut Press'!AN37 -> 15.213853 | AN45: ='Cut Press'!AW37 -> 8.5168831 | AQ45: ='Cut Press'!BC37 -> 15.21645 | AT45: ='Cut Press'!BF37 -> -5.9212121 | AW45: ='Cut Press'!BI37 -> 15.254365 | AZ45: ='Cut Press'!BL37 -> 5.6289602 | BC45: ='Cut Press'!BO37 -> 4.4822511 | BF45: ='Cut Press'!BR37 -> 7.4883117 | BI45: ='Cut Press'!BU37 -> 0.59307359 | BL45: ='Cut Press'!BX37 -> -1.1695238 | BO45: ='Cut Press'!CA37 -> 14.104935 | BR45: ='Cut Press'!CD37 -> 14.267706 | BU45: ='Cut Press'!CG37 -> 13.325714 | BX45: ='Cut Press'!CJ37 -> 12.320847 | CA45: ='Cut Press'!CM37 -> 13.395767 | CD45: ='Cut Press'!CP37 -> 13.602597 | CG45: ='Cut Press'!CS37 -> 14.035498 | CJ45: ='Cut Press'!CV37 -> 14.035498 | CM45: ='Cut Press'!CY37 -> 3.791342 | CP45: ='Cut Press'!DB37 -> 3.791342 | CS45: ='Cut Press'!DE37 -> 1.0783069 | CV45: ='Cut Press'!DH37 -> 3.791342
G46: TOTAL BALANCE | V46: =SUM(V42) -> 21786 | Y46: =SUM(Y42:AM42) -> 186084 | AB46: =SUM(AB42:AP42) -> 182347.5 | AN46: =SUM(AN42:AY42) -> 173694 | AQ46: =SUM(AQ42:BB42) -> 198030 | AZ46: =SUM(AZ42:BK42) -> 240810 | BC46: =SUM(BC42:BN42) -> 209714.1 | BL46: =SUM(BL42:BZ42) -> 73932 | BO46: =SUM(BO42:CC42) -> 58896.9 | CA46: =SUM(CA42:CL42) -> 41880 | CD46: =SUM(CD42:CO42) -> 94836 | CM46: =SUM(CM42:CX42) -> 253818 | CP46: =SUM(CP42:DA42) -> 190363.5
V49: DECEMBER | AH49: JANUARY | AW49: FEBRUARY | BI49: MARCH
J50: =+#REF! -> #REF! | M50: ='Cut Press'!P41 -> 0 | P50: ='Cut Press'!S41 -> 0 | S50: ='Cut Press'!V41 -> 0 | V50: W49 | Y50: W50 | AB50: W51 | AE50: W52 | AH50: W1 | AK50: W2 | AN50: W3 | AQ50: W4 | AT50: W5 | AW50: W6 | AZ50: W7 | BC50: W8 | BF50: W9 | BI50: W10 | BL50: W11 | BO50: W12 | BR50: W13
G51: BALANCE/WEEK | J51: =K$62 -> 0 | M51: ='Cut Press'!P43 -> 0 | P51: ='Cut Press'!S43 -> 0 | S51: ='Cut Press'!V43 -> 0 | V51: ='Cut Press'!BL43 -> 0 | Y51: ='Cut Press'!BO43 -> 0 | AB51: ='Cut Press'!BR43 -> 0 | AE51: ='Cut Press'!BU180 -> 2464.8 | AH51: ='Cut Press'!BX180 -> 2464.8 | AK51: ='Cut Press'!CA180 -> 2464.8 | AN51: ='Cut Press'!CD180 -> 2464.8 | AQ51: ='Cut Press'!CG180 -> 2464.8 | AT51: ='Cut Press'!CJ180 -> 21903 | AW51: ='Cut Press'!CM180 -> 21903 | AZ51: ='Cut Press'!CP180 -> 21903 | BC51: ='Cut Press'!CS180 -> 21903 | BF51: ='Cut Press'!CV180 -> 35008.5 | BI51: ='Cut Press'!CY180 -> 35008.5 | BL51: ='Cut Press'!DB180 -> 35008.5 | BO51: ='Cut Press'!DE180 -> 35008.5 | BR51: ='Cut Press'!DH180 -> 0
A52: CUTTING PRESS | C52: 2 M/C | D52: 16 | G52: KEBUTUHAN HOLD | J52: =L$62 -> 0 | M52: ='Cut Press'!P44 -> 0 | P52: ='Cut Press'!S44 -> 0 | S52: ='Cut Press'!V44 -> 0 | V52: ='Cut Press'!BL44 -> 0 | Y52: ='Cut Press'!BO44 -> 0 | AB52: ='Cut Press'!BR44 -> 0 | AE52: ='Cut Press'!BU181 -> 1.067013 | AH52: ='Cut Press'!BX181 -> 1.067013 | AK52: ='Cut Press'!CA181 -> 1.067013 | AN52: ='Cut Press'!CD181 -> 1.067013 | AQ52: ='Cut Press'!CG181 -> 1.067013 | AT52: ='Cut Press'!CJ181 -> 11.588889 | AW52: ='Cut Press'!CM181 -> 11.588889 | AZ52: ='Cut Press'!CP181 -> 9.4818182 | BC52: ='Cut Press'!CS181 -> 9.4818182 | BF52: ='Cut Press'!CV181 -> 15.155195 | BI52: ='Cut Press'!CY181 -> 15.155195 | BL52: ='Cut Press'!DB181 -> 15.155195 | BO52: ='Cut Press'!DE181 -> 18.523016 | BR52: ='Cut Press'!DH181 -> 0
A53: (Model 484) | C53: ADD (2 MC) | D53: 16 | G53: KAPASITAS HOLD | J53: 8 | M53: ='Cut Press'!P45 -> 0 | P53: ='Cut Press'!S45 -> 0 | S53: ='Cut Press'!V45 -> 0 | V53: ='Cut Press'!BL45 -> 0 | Y53: ='Cut Press'!BO45 -> 0 | AB53: ='Cut Press'!BR45 -> 0 | AE53: ='Cut Press'!BU182 -> 16 | AH53: ='Cut Press'!BX182 -> 16 | AK53: ='Cut Press'!CA182 -> 16 | AN53: ='Cut Press'!CD182 -> 16 | AQ53: ='Cut Press'!CG182 -> 16 | AT53: ='Cut Press'!CJ182 -> 16 | AW53: ='Cut Press'!CM182 -> 16 | AZ53: ='Cut Press'!CP182 -> 16 | BC53: ='Cut Press'!CS182 -> 16 | BF53: ='Cut Press'!CV182 -> 16 | BI53: ='Cut Press'!CY182 -> 16 | BL53: ='Cut Press'!DB182 -> 16 | BO53: ='Cut Press'!DE182 -> 16 | BR53: ='Cut Press'!DH182 -> 16
G54: +/- | J54: =J53-J52 -> 8 | M54: ='Cut Press'!P46 -> 0 | P54: ='Cut Press'!S46 -> 0 | S54: ='Cut Press'!V46 -> 0 | V54: ='Cut Press'!BL46 -> 0 | Y54: ='Cut Press'!BO46 -> 0 | AB54: ='Cut Press'!BR46 -> 0 | AE54: ='Cut Press'!BU183 -> 14.932987 | AH54: ='Cut Press'!BX183 -> 14.932987 | AK54: ='Cut Press'!CA183 -> 14.932987 | AN54: ='Cut Press'!CD183 -> 14.932987 | AQ54: ='Cut Press'!CG183 -> 14.932987 | AT54: ='Cut Press'!CJ183 -> 4.4111111 | AW54: ='Cut Press'!CM183 -> 4.4111111 | AZ54: ='Cut Press'!CP183 -> 6.5181818 | BC54: ='Cut Press'!CS183 -> 6.5181818 | BF54: ='Cut Press'!CV183 -> 0.84480519 | BI54: ='Cut Press'!CY183 -> 0.84480519 | BL54: ='Cut Press'!DB183 -> 0.84480519 | BO54: ='Cut Press'!DE183 -> -2.5230159 | BR54: ='Cut Press'!DH183 -> 16
G55: TOTAL BALANCE | V55: =SUM(V51:AG51) -> 2464.8 | Y55: =SUM(Y51:AJ51) -> 4929.6 | AH55: =SUM(AH51:AV51) -> 31762.2 | AK55: =SUM(AK51:AY51) -> 51200.4 | AW55: =SUM(AW51:BH51) -> 100717.5 | AZ55: =SUM(AZ51:BK51) -> 113823 | BI55: =SUM(BI51:BQ51) -> 105025.5 | BL55: =SUM(BL51:DA51) -> 70017
AB57: Add 2 Mesin
V58: SEPT | Y58: OCTOBER | AN58: NOVEMBER | AZ58: DECEMBER | BL58: JANUARY | CA58: FEBRUARY | CM58: MARCH
J59: =+J22 -> 0 | M59: =Nosew!M26 -> WEEK PRODUKSI 37 | P59: =Nosew!P26 -> WEEK PRODUKSI 38 | S59: =Nosew!S26 -> WEEK PRODUKSI 39 | V59: W39 | Y59: W40 | AB59: W41 | AE59: W42 | AH59: W43 | AK59: W44 | AN59: W45 | AQ59: W46 | AT59: W47 | AW59: W48 | AZ59: W49 | BC59: W50 | BF59: W51 | BI59: W52 | BL59: W1 | BO59: W2 | BR59: W3 | BU59: W4 | BX59: W5 | CA59: W6 | CD59: W7 | CG59: W8 | CJ59: W9 | CM59: W10 | CP59: W11 | CS59: W12 | CV59: W13
G60: BALANCE/WEEK | J60: =K46 -> 0 | M60: =Nosew!M27 -> 869.5 | P60: =Nosew!P27 -> 7092.5 | S60: =Nosew!S27 -> 10657.5 | V60: =Nosew!V27 -> 18619.5 | Y60: =Nosew!Y27 -> 26924.5 | AB60: =Nosew!AB27 -> 30432 | AE60: =Nosew!AE27 -> 21996 | AH60: =Nosew!AH27 -> 26742 | AK60: =Nosew!AK27 -> 8016 | AN60: =Nosew!AT27 -> 14524.5 | AQ60: =Nosew!AZ27 -> 5530.5 | AT60: =Nosew!BC27 -> 16186.5 | AW60: =Nosew!BF27 -> 36964.5 | AZ60: =Nosew!BI27 -> 9255 | BC60: =Nosew!BL27 -> 17859 | BF60: =Nosew!BO27 -> 11457 | BI60: =Nosew!BR27 -> 19785 | BL60: =Nosew!BU27 -> 91206 | BO60: =Nosew!BX27 -> 29028 | BR60: =Nosew!CA27 -> 27372 | BU60: =Nosew!CD27 -> 26886 | BX60: =Nosew!CG27 -> 28944 | CA60: =Nosew!CJ27 -> 34956 | CD60: =Nosew!CM27 -> 32382 | CG60: =Nosew!CP27 -> 31632 | CJ60: =Nosew!CS27 -> 32244 | CM60: =Nosew!CV27 -> 45094.5 | CP60: =Nosew!CY27 -> 45094.5 | CS60: =Nosew!DB27 -> 45094.5 | CV60: =Nosew!DE27 -> 45094.5
A61: NOSEW | C61: M/C | D61: 5 | G61: KEBUTUHAN MESIN | J61: =L46 -> 0 | M61: =Nosew!M28 -> 0 | P61: =Nosew!P28 -> 0 | S61: =Nosew!S28 -> 1.2931019 | V61: =Nosew!V28 -> 2.3933217 | Y61: =Nosew!Y28 -> 3.4870779 | AB61: =Nosew!AB28 -> 4.2570339 | AE61: =Nosew!AE28 -> 3.3825411 | AH61: =Nosew!AH28 -> 4.3464663 | AK61: =Nosew!AK28 -> 1.0048951 | AN61: =Nosew!AT28 -> 2.6368654 | AQ61: =Nosew!AZ28 -> 1.1175974 | AT61: =Nosew!BC28 -> 3.0942626 | AW61: =Nosew!BF28 -> 5.5338829 | AZ61: =Nosew!BI28 -> 1.4692435 | BC61: =Nosew!BL28 -> 3.3061157 | BF61: =Nosew!BO28 -> 2.5946871 | BI61: =Nosew!BR28 -> 4.1058874 | BL61: =Nosew!BU28 -> 16.370395 | BO61: =Nosew!BX28 -> 5.3370077 | BR61: =Nosew!CA28 -> 5.1554711 | BU61: =Nosew!CD28 -> 5.0407131 | BX61: =Nosew!CG28 -> 5.5266635 | CA61: =Nosew!CJ28 -> 8.294364 | CD61: =Nosew!CM28 -> 5.1548588 | CG61: =Nosew!CP28 -> 4.6840047 | CJ61: =Nosew!CS28 -> 4.4554063 | CM61: =Nosew!CV28 -> 6.109026 | CP61: =Nosew!CY28 -> 5.5240909 | CS61: =Nosew!DB28 -> 5.8767638 | CV61: =Nosew!DE28 -> 5.1062801
C62: Add M/C | D62: 2 | G62: KAPASITAS MESIN | J62: =+$D$61 -> 5 | M62: =Nosew!M29 -> 6 | P62: =Nosew!P29 -> 6 | S62: =Nosew!S29 -> 6 | V62: =Nosew!V29 -> 4 | Y62: =Nosew!Y29 -> 4 | AB62: =Nosew!AB29 -> 6 | AE62: =Nosew!AE29 -> 6 | AH62: =Nosew!AH29 -> 6 | AK62: =Nosew!AK29 -> 6 | AN62: =Nosew!AT29 -> 6 | AQ62: =Nosew!AZ29 -> 6 | AT62: =Nosew!BC29 -> 6 | AW62: =Nosew!BF29 -> 6 | AZ62: =Nosew!BI29 -> 6 | BC62: =Nosew!BL29 -> 6 | BF62: =Nosew!BO29 -> 6 | BI62: =Nosew!BR29 -> 6 | BL62: =Nosew!BU29 -> 6 | BO62: =Nosew!BX29 -> 6 | BR62: =Nosew!CA29 -> 6 | BU62: =Nosew!CD29 -> 6 | BX62: =Nosew!CG29 -> 6 | CA62: =Nosew!CJ29 -> 6 | CD62: =Nosew!CM29 -> 6 | CG62: =Nosew!CP29 -> 6 | CJ62: =Nosew!CS29 -> 6 | CM62: =Nosew!CV29 -> 6 | CP62: =Nosew!CY29 -> 6 | CS62: =Nosew!DB29 -> 6 | CV62: =Nosew!DE29 -> 6
C63: TOTAL MESIN | D63: 7 | G63: +/- | J63: =J62-J61 -> 5 | M63: =M62-M61 -> 6 | P63: =P62-P61 -> 6 | S63: =S62-S61 -> 4.7068981 | V63: =Nosew!V30 -> 1.6066783 | Y63: =Nosew!Y30 -> 0.51292208 | AB63: =Nosew!AB30 -> 1.7429661 | AE63: =Nosew!AE30 -> 2.6174589 | AH63: =Nosew!AH30 -> 1.6535337 | AK63: =Nosew!AK30 -> 4.9951049 | AN63: =Nosew!AT30 -> 3.3631346 | AQ63: =Nosew!AZ30 -> 4.8824026 | AT63: =Nosew!BC30 -> 2.9057374 | AW63: =Nosew!BF30 -> 0.46611706 | AZ63: =Nosew!BI30 -> 4.5307565 | BC63: =Nosew!BL30 -> 2.6938843 | BF63: =Nosew!BO30 -> 3.4053129 | BI63: =Nosew!BR30 -> 1.8941126 | BL63: =Nosew!BU30 -> -10.370395 | BO63: =Nosew!BX30 -> 0.66299228 | BR63: =Nosew!CA30 -> 0.84452893 | BU63: =Nosew!CD30 -> 0.95928689 | BX63: =Nosew!CG30 -> 0.47333648 | CA63: =Nosew!CJ30 -> -2.294364 | CD63: =Nosew!CM30 -> 0.84514118 | CG63: =Nosew!CP30 -> 1.3159953 | CJ63: =Nosew!CS30 -> 1.5445937 | CM63: =Nosew!CV30 -> -0.10902597 | CP63: =Nosew!CY30 -> 0.47590909 | CS63: =Nosew!DB30 -> 0.12323621 | CV63: =Nosew!DE30 -> 0.89371985
G64: TOTAL BALANCE | V64: =SUM(V60) -> 18619.5 | Y64: =SUM(Y60:AM60) -> 114110.5 | AB64: =SUM(AB60:AP60) -> 101710.5 | AN64: =SUM(AN60:AY60) -> 73206 | AQ64: =SUM(AQ60:BB60) -> 67936.5 | AZ64: =SUM(AZ60:BK60) -> 58356 | BC64: =SUM(BC60:BN60) -> 140307 | BL64: =SUM(BL60:BZ60) -> 203436 | BO64: =SUM(BO60:CC60) -> 147186 | CA64: =SUM(CA60:CL60) -> 131214 | CD64: =SUM(CD60:CO60) -> 141352.5 | CM64: =SUM(CM60:CX60) -> 180378 | CP64: =SUM(CP60:DA60) -> 135283.5
AN66: Plan 3 Shift (21 Jam) | CA66: Plan 2 Shift (14 Jam)
V67: SEPT | Y67: OCTOBER | AN67: NOVEMBER | AZ67: DECEMBER | BL67: JANUARY | CA67: FEBRUARY | CM67: MARCH
J68: =+J10 -> 0 | M68: =Embroidery!M42 -> WEEK PRODUKSI 37 | P68: =Embroidery!P42 -> WEEK PRODUKSI 38 | S68: =Embroidery!S42 -> WEEK PRODUKSI 39 | V68: W39 | Y68: W40 | AB68: W41 | AE68: W42 | AH68: W43 | AK68: W44 | AN68: W45 | AQ68: W46 | AT68: W47 | AW68: W48 | AZ68: W49 | BC68: W50 | BF68: W51 | BI68: W52 | BL68: W1 | BO68: W2 | BR68: W3 | BU68: W4 | BX68: W5 | CA68: W6 | CD68: W7 | CG68: W8 | CJ68: W9 | CM68: W10 | CP68: W11 | CS68: W12 | CV68: W13
G69: BALANCE/WEEK | J69: =K64 -> 0 | M69: =Embroidery!M43 -> 1411 | P69: =Embroidery!P43 -> 12835 | S69: =Embroidery!S43 -> 35643 | V69: =Embroidery!V43 -> 49889 | Y69: =Embroidery!Y43 -> 48335 | AB69: =Embroidery!AB43 -> 72446 | AE69: =Embroidery!AE43 -> 53706 | AH69: =Embroidery!AH43 -> 46416 | AK69: =Embroidery!AK43 -> 16008 | AN69: =Embroidery!AW95 -> 74799.5 | AQ69: =Embroidery!AZ95 -> 11022.5 | AT69: =Embroidery!BI95 -> 112035.5 | AW69: =Embroidery!BL95 -> 33852.5 | AZ69: =Embroidery!BO95 -> 66746 | BC69: =Embroidery!BR95 -> 66464 | BF69: =Embroidery!BU95 -> 53446 | BI69: =Embroidery!BX95 -> 91300 | BL69: =Embroidery!CA95 -> 51698.8 | BO69: =Embroidery!CD95 -> 40910.8 | BR69: =Embroidery!CG95 -> 40796.8 | BU69: =Embroidery!CJ43 -> 41672.8 | BX69: =Embroidery!CM43 -> 43082.8 | CA69: =Embroidery!CP43 -> 32736.5 | CD69: =Embroidery!CS43 -> 33198.5 | CG69: =Embroidery!CV43 -> 32448.5 | CJ69: =Embroidery!CY43 -> 32448.5 | CM69: =Embroidery!DB43 -> 72628.5 | CP69: =Embroidery!DE43 -> 72832.5 | CS69: =Embroidery!DH43 -> 72652.5 | CV69: =Embroidery!DK43 -> 72328.5
A70: EMBRODERY | C70: MESIN SAI | D70: 8 | G70: KEBUTUHAN MESIN | J70: =L64 -> 0 | M70: =Embroidery!M45 -> 0 | P70: =Embroidery!P45 -> 0 | S70: =Embroidery!S45 -> 4.3520435 | V70: =Embroidery!V45 -> 6.5598498 | Y70: =Embroidery!Y45 -> 5.1155574 | AB70: =Embroidery!AB45 -> 8.2534981 | AE70: =Embroidery!AE45 -> 6.5774239 | AH70: =Embroidery!AH45 -> 5.4662316 | AK70: =Embroidery!AK45 -> 1.7618301 | AN70: =Embroidery!AW96 -> 8.5692184 | AQ70: =Embroidery!AZ96 -> 1.0495117 | AT70: =Embroidery!BI96 -> 11.417938 | AW70: =Embroidery!BL96 -> 3.8865486 | AZ70: =Embroidery!BO96 -> 7.4389434 | BC70: =Embroidery!BR96 -> 7.1626072 | BF70: =Embroidery!BU96 -> 5.9386076 | BI70: =Embroidery!BX96 -> 11.934834 | BL70: =Embroidery!CA96 -> 7.1090092 | BO70: =Embroidery!CD96 -> 4.7692782 | BR70: =Embroidery!CG96 -> 4.6731163 | BU70: =Embroidery!CD45 -> 6.8842338 | BX70: =Embroidery!CG45 -> 6.739991 | CA70: =Embroidery!CJ45 -> 7.3426996 | CD70: =Embroidery!CM45 -> 6.3779582 | CG70: =Embroidery!CP45 -> 6.9879994 | CJ70: =Embroidery!CS45 -> 5.8083632 | CM70: =Embroidery!CV45 -> 5.6607835 | CP70: =Embroidery!CY45 -> 5.6607835 | CS70: =Embroidery!DB45 -> 11.917807 | CV70: =Embroidery!DE45 -> 11.99351
C71: SDI | D71: 4 | G71: KAPASITAS MESIN | J71: =+$D$70 -> 8 | M71: =Embroidery!M46 -> 8 | P71: =Embroidery!P46 -> 8 | S71: =Embroidery!S46 -> 8 | V71: =Embroidery!V46 -> 8 | Y71: =Embroidery!Y46 -> 8 | AB71: =Embroidery!AB46 -> 8 | AE71: =Embroidery!AE46 -> 8 | AH71: =Embroidery!AH46 -> 8 | AK71: =Embroidery!AK46 -> 8 | AN71: =Embroidery!AW97 -> 8 | AQ71: =Embroidery!AZ97 -> 8 | AT71: =Embroidery!BI97 -> 8 | AW71: =Embroidery!BL97 -> 8 | AZ71: =Embroidery!BO97 -> 8 | BC71: =Embroidery!BR97 -> 8 | BF71: =Embroidery!BU97 -> 8 | BI71: =Embroidery!BX97 -> 8 | BL71: =Embroidery!CA97 -> 8 | BO71: =Embroidery!CD97 -> 8 | BR71: =Embroidery!CG97 -> 8 | BU71: =Embroidery!CD46 -> 8 | BX71: =Embroidery!CG46 -> 8 | CA71: =Embroidery!CJ46 -> 8 | CD71: =Embroidery!CM46 -> 8 | CG71: =Embroidery!CP46 -> 8 | CJ71: =Embroidery!CS46 -> 8 | CM71: =Embroidery!CV46 -> 8 | CP71: =Embroidery!CY46 -> 8 | CS71: =Embroidery!DB46 -> 8 | CV71: =Embroidery!DE46 -> 8
C72: TOTAL MESIN | D72: 12 | G72: +/- | J72: =J71-J70 -> 8 | M72: =Embroidery!M47 -> 8 | P72: =Embroidery!P47 -> 8 | S72: =Embroidery!S47 -> 3.6479565 | V72: =Embroidery!V47 -> 1.4401502 | Y72: =Embroidery!Y47 -> 2.8844426 | AB72: =Embroidery!AB47 -> -0.25349808 | AE72: =Embroidery!AE47 -> 1.4225761 | AH72: =Embroidery!AH47 -> 2.5337684 | AK72: =Embroidery!AK47 -> 6.2381699 | AN72: =Embroidery!AW98 -> -0.56921841 | AQ72: =Embroidery!AZ98 -> 6.9504883 | AT72: =Embroidery!BI98 -> -3.4179375 | AW72: =Embroidery!BL98 -> 4.1134514 | AZ72: =Embroidery!BO98 -> 0.56105658 | BC72: =Embroidery!BR98 -> 0.83739281 | BF72: =Embroidery!BU98 -> 2.0613924 | BI72: =Embroidery!BX98 -> -3.9348336 | BL72: =Embroidery!CA98 -> 0.89099081 | BO72: =Embroidery!CD98 -> 3.2307218 | BR72: =Embroidery!CG98 -> 3.3268837 | BU72: =Embroidery!CD47 -> 1.1157662 | BX72: =Embroidery!CG47 -> 1.260009 | CA72: =Embroidery!CJ47 -> 0.65730035 | CD72: =Embroidery!CM47 -> 1.6220418 | CG72: =Embroidery!CP47 -> 1.0120006 | CJ72: =Embroidery!CS47 -> 2.1916368 | CM72: =Embroidery!CV47 -> 2.3392165 | CP72: =Embroidery!CY47 -> 2.3392165 | CS72: =Embroidery!DB47 -> -3.9178069 | CV72: =Embroidery!DE47 -> -3.9935099
G73: TOTAL BALANCE | V73: =SUM(V69) -> 49889 | Y73: =SUM(Y69:AM69) -> 236911 | AB73: =SUM(AB69:AP69) -> 263375.5 | AN73: =SUM(AN69:AY69) -> 231710 | AQ73: =SUM(AQ69:BB69) -> 223656.5 | AZ73: =SUM(AZ69:BK69) -> 277956 | BC73: =SUM(BC69:BN69) -> 262908.8 | BL73: =SUM(BL69:BZ69) -> 218162 | BO73: =SUM(BO69:CC69) -> 199199.7 | CA73: =SUM(CA69:CL69) -> 130832 | CD73: =SUM(CD69:CO69) -> 170724 | CM73: =SUM(CM69:CX69) -> 290442 | CP73: =SUM(CP69:DA69) -> 217813.5

Sheet x
A1: Subcon Treatment Capacity Based on Production Week & Week Ori (RCCP)
J3: ='Screen Printing'!J90 -> W. PROD 36 | M3: ='Screen Printing'!M90 -> W. PROD 37 | P3: ='Screen Printing'!P90 -> W. PROD 38 | S3: ='Screen Printing'!S90 -> W. PROD 39 | V3: ='Screen Printing'!V90 -> TOTAL WEEK 39 | Y3: ='Screen Printing'!Z90 -> W. PROD 40 | AB3: ='Screen Printing'!AD90 -> W. PROD 41 | AE3: ='Screen Printing'!AH90 -> W. PROD 42 | AH3: ='Screen Printing'!AL90 -> W. PROD 43 | AK3: ='Screen Printing'!AP90 -> W. PROD 44 | AN3: ='Screen Printing'!AT90 -> W. PROD 45 | AQ3: ='Screen Printing'!BI90 -> WEEK PROD + ORI 45 | AT3: ='Screen Printing'!BM90 -> WEEK PROD + ORI 46 | AW3: ='Screen Printing'!BY90 -> WEEK ORI 47 | AZ3: ='Screen Printing'!CC90 -> WEEK ORI 48 | BC3: ='Screen Printing'!CG90 -> WEEK ORI 49 | BF3: ='Screen Printing'!CK90 -> WEEK ORI 50 | BI3: ='Screen Printing'!CO90 -> WEEK ORI 51 | BL3: ='Screen Printing'!CS90 -> WEEK ORI 52 | BO3: ='Screen Printing'!CW90 -> WEEK ORI 1 | BR3: ='Screen Printing'!DA90 -> WEEK ORI 2 | BU3: ='Screen Printing'!DE90 -> WEEK ORI 3 | BX3: ='Screen Printing'!DI90 -> WEEK ORI 4 | CA3: ='Screen Printing'!DM90 -> WEEK ORI 5 | CD3: ='Screen Printing'!DQ90 -> WEEK ORI 6 | CG3: ='Screen Printing'!DU90 -> WEEK ORI 7 | CJ3: ='Screen Printing'!DY90 -> WEEK ORI 8 | CM3: ='Screen Printing'!EC90 -> WEEK ORI 9 | CP3: ='Screen Printing'!EG90 -> WEEK ORI 10 | CS3: ='Screen Printing'!EK90 -> WEEK ORI 12 | CV3: ='Screen Printing'!EO90 -> WEEK ORI 13 | CY3: ='Screen Printing'!ES90 -> WEEK ORI 14
G4: TOTAL BALANCE KOMPONEN | J4: ='Screen Printing'!J91 -> 0 | M4: ='Screen Printing'!M91 -> 12473 | P4: ='Screen Printing'!P91 -> 43498 | S4: ='Screen Printing'!S91 -> 103641 | V4: ='Screen Printing'!V91 -> 159612 | Y4: ='Screen Printing'!Z91 -> 115413 | AB4: ='Screen Printing'!AD91 -> 216030 | AE4: ='Screen Printing'!AH91 -> 213024 | AH4: ='Screen Printing'!AL91 -> 148344 | AK4: ='Screen Printing'!AP91 -> 57612 | AN4: ='Screen Printing'!AT91 -> 46884 | AQ4: ='Screen Printing'!BI91 -> 257746.5 | AT4: ='Screen Printing'!BM91 -> 39700.5 | AW4: ='Screen Printing'!BY91 -> 182037 | AZ4: ='Screen Printing'!CC91 -> 210093 | BC4: ='Screen Printing'!CG91 -> 171018 | BF4: ='Screen Printing'!CK91 -> 203730 | BI4: ='Screen Printing'!CO91 -> 136116 | BL4: ='Screen Printing'!CS91 -> 210153.6 | BO4: ='Screen Printing'!CW91 -> 253099.8 | BR4: ='Screen Printing'!DA91 -> 178735.8 | BU4: ='Screen Printing'!DE91 -> 173695.8 | BX4: ='Screen Printing'!DI91 -> 176923.8 | CA4: ='Screen Printing'!DM91 -> 229123.2 | CD4: ='Screen Printing'!DQ91 -> 206524.5 | CG4: ='Screen Printing'!DU91 -> 205510.5 | CJ4: ='Screen Printing'!DY91 -> 201760.5 | CM4: ='Screen Printing'!EC91 -> 159706.5 | CP4: ='Screen Printing'!EG91 -> 252373.5 | CS4: ='Screen Printing'!EK91 -> 253585.5 | CV4: ='Screen Printing'!EO91 -> 252757.5 | CY4: ='Screen Printing'!ES91 -> 237520.5
A5: Screen Printing | C5: TOTAL MEJA SABLON | D5: 31 | G5: TOTAL KEBUTUHAN MEJA | J5: ='Screen Printing'!J92 -> 0 | M5: ='Screen Printing'!M92 -> 0 | P5: ='Screen Printing'!P92 -> 0 | S5: ='Screen Printing'!S92 -> 10.99564 | V5: ='Screen Printing'!V92 -> 34.5 | Y5: ='Screen Printing'!Z92 -> 26.5 | AB5: ='Screen Printing'!AD92 -> 33 | AE5: ='Screen Printing'!AH92 -> 33 | AH5: ='Screen Printing'!AL92 -> 25 | AK5: ='Screen Printing'!AP92 -> 12 | AN5: ='Screen Printing'!AT92 -> 8.5 | AQ5: ='Screen Printing'!BI92 -> 38 | AT5: ='Screen Printing'!BM92 -> 12 | AW5: ='Screen Printing'!BY92 -> 27.5 | AZ5: ='Screen Printing'!CC92 -> 32 | BC5: ='Screen Printing'!CG92 -> 33 | BF5: ='Screen Printing'!CK92 -> 30.5 | BI5: ='Screen Printing'!CO92 -> 26.5 | BL5: ='Screen Printing'!CS92 -> 38.5 | BO5: ='Screen Printing'!CW92 -> 40.5 | BR5: ='Screen Printing'!DA92 -> 30.5 | BU5: ='Screen Printing'!DE92 -> 28 | BX5: ='Screen Printing'!DI92 -> 28 | CA5: ='Screen Printing'!DM92 -> 29 | CD5: ='Screen Printing'!DQ92 -> 37.5 | CG5: ='Screen Printing'!DU92 -> 33 | CJ5: ='Screen Printing'!DY92 -> 30.5 | CM5: ='Screen Printing'!EC92 -> 30 | CP5: ='Screen Printing'!EG92 -> 35 | CS5: ='Screen Printing'!EK92 -> 35.5 | CV5: ='Screen Printing'!EO92 -> 43 | CY5: ='Screen Printing'!ES92 -> 32
G6: TOTAL KAPASITAS MEJA | J6: ='Screen Printing'!J93 -> 31 | M6: ='Screen Printing'!M93 -> 31 | P6: ='Screen Printing'!P93 -> 31 | S6: ='Screen Printing'!S93 -> 31 | V6: ='Screen Printing'!V93 -> 31 | Y6: ='Screen Printing'!Z93 -> 31 | AB6: ='Screen Printing'!AD93 -> 31 | AE6: ='Screen Printing'!AH93 -> 31 | AH6: ='Screen Printing'!AL93 -> 31 | AK6: ='Screen Printing'!AP93 -> 31 | AN6: ='Screen Printing'!AT93 -> 31 | AQ6: ='Screen Printing'!BI93 -> 31 | AT6: ='Screen Printing'!BM93 -> 31 | AW6: ='Screen Printing'!BY93 -> 31 | AZ6: ='Screen Printing'!CC93 -> 31 | BC6: ='Screen Printing'!CG93 -> 31 | BF6: ='Screen Printing'!CK93 -> 31 | BI6: ='Screen Printing'!CO93 -> 31 | BL6: ='Screen Printing'!CS93 -> 31 | BO6: ='Screen Printing'!CW93 -> 31 | BR6: ='Screen Printing'!DA93 -> 31 | BU6: ='Screen Printing'!DE93 -> 31 | BX6: ='Screen Printing'!DI93 -> 31 | CA6: ='Screen Printing'!DM93 -> 31 | CD6: ='Screen Printing'!DQ93 -> 31 | CG6: ='Screen Printing'!DU93 -> 31 | CJ6: ='Screen Printing'!DY93 -> 31 | CM6: ='Screen Printing'!EC93 -> 31 | CP6: ='Screen Printing'!EG93 -> 31 | CS6: ='Screen Printing'!EK93 -> 31 | CV6: ='Screen Printing'!EO93 -> 31 | CY6: ='Screen Printing'!ES93 -> 31
G7: SURPLUS | J7: ='Screen Printing'!J94 -> 31 | M7: ='Screen Printing'!M94 -> 31 | P7: ='Screen Printing'!P94 -> 31 | S7: ='Screen Printing'!S94 -> 20.00436 | V7: ='Screen Printing'!V94 -> -3.5 | Y7: ='Screen Printing'!Z94 -> 4.5 | AB7: ='Screen Printing'!AD94 -> -2 | AE7: ='Screen Printing'!AH94 -> -2 | AH7: ='Screen Printing'!AL94 -> 6 | AK7: ='Screen Printing'!AP94 -> 19 | AN7: ='Screen Printing'!AT94 -> 22.5 | AQ7: ='Screen Printing'!BI94 -> -7 | AT7: ='Screen Printing'!BM94 -> 19 | AW7: ='Screen Printing'!BY94 -> 3.5 | AZ7: ='Screen Printing'!CC94 -> -1 | BC7: ='Screen Printing'!CG94 -> -2 | BF7: ='Screen Printing'!CK94 -> 0.5 | BI7: ='Screen Printing'!CO94 -> 4.5 | BL7: ='Screen Printing'!CS94 -> -7.5 | BO7: ='Screen Printing'!CW94 -> -9.5 | BR7: ='Screen Printing'!DA94 -> 0.5 | BU7: ='Screen Printing'!DE94 -> 3 | BX7: ='Screen Printing'!DI94 -> 3 | CA7: ='Screen Printing'!DM94 -> 2 | CD7: ='Screen Printing'!DQ94 -> -6.5 | CG7: ='Screen Printing'!DU94 -> -2 | CJ7: ='Screen Printing'!DY94 -> 0.5 | CM7: ='Screen Printing'!EC94 -> 1 | CP7: ='Screen Printing'!EG94 -> -4 | CS7: ='Screen Printing'!EK94 -> -4.5 | CV7: ='Screen Printing'!EO94 -> -12 | CY7: ='Screen Printing'!ES94 -> -1
J10: =+#REF! -> #REF! | M10: =+#REF! -> #REF! | P10: =+#REF! -> #REF! | S10: =+#REF! -> #REF! | V10: ='Auto Print'!Y31 -> TOTAL WEEK 39 | Y10: ='Auto Print'!AB31 -> WEEK PRODUKSI 40 | AB10: ='Auto Print'!AE31 -> WEEK PRODUKSI 41 | AE10: ='Auto Print'!AH31 -> WEEK PRODUKSI 42 | AH10: ='Auto Print'!AK31 -> WEEK PRODUKSI 43 | AK10: ='Auto Print'!AN31 -> WEEK PRODUKSI 44 | AN10: ='Auto Print'!AQ31 -> WEEK PRODUKSI 45 | AQ10: ='Auto Print'!AW31 -> WEEK ORI 45 | AT10: ='Auto Print'!AZ31 -> WEEK ORI 46 | AW10: ='Auto Print'!BC31 -> WEEK ORI 47 | AZ10: ='Auto Print'!BF31 -> WEEK ORI 48 | BC10: ='Auto Print'!BI31 -> WEEK ORI 49 | BF10: ='Auto Print'!BL31 -> WEEK ORI 50 | BI10: ='Auto Print'!BO31 -> WEEK ORI 51 | BL10: ='Auto Print'!BR31 -> WEEK ORI 52 | BO10: ='Auto Print'!BU31 -> WEEK ORI 1 | BR10: ='Auto Print'!BX31 -> WEEK ORI 2 | BU10: ='Auto Print'!CA31 -> WEEK ORI 3 | BX10: ='Auto Print'!CD31 -> WEEK ORI 4 | CA10: ='Auto Print'!CG31 -> WEEK ORI 5 | CD10: ='Auto Print'!CJ31 -> WEEK ORI 6 | CG10: ='Auto Print'!CM31 -> WEEK ORI 7 | CJ10: ='Auto Print'!CP31 -> WEEK ORI 8 | CM10: ='Auto Print'!CS31 -> WEEK ORI 9 | CP10: ='Auto Print'!CV31 -> WEEK ORI 10 | CS10: ='Auto Print'!CY31 -> WEEK ORI 12 | CV10: ='Auto Print'!DB31 -> WEEK ORI 13 | CY10: ='Auto Print'!DE31 -> WEEK ORI 14
G11: BALANCE KOMPONEN | J11: =K7 -> 0 | M11: =N7 -> 0 | P11: =Q7 -> 0 | S11: =T7 -> 0 | V11: ='Auto Print'!Y32 -> 33935 | Y11: ='Auto Print'!AB32 -> 13969 | AB11: ='Auto Print'!AE32 -> 46578 | AE11: ='Auto Print'!AH32 -> 43824 | AH11: ='Auto Print'!AK32 -> 26214 | AK11: ='Auto Print'!AN32 -> 0 | AN11: ='Auto Print'!AQ32 -> 0 | AQ11: ='Auto Print'!AW32 -> 13317 | AT11: ='Auto Print'!AZ32 -> 2715 | AW11: ='Auto Print'!BC32 -> 68733 | AZ11: ='Auto Print'!BF32 -> 10071 | BC11: ='Auto Print'!BI32 -> 31620 | BF11: ='Auto Print'!BL32 -> 34512 | BI11: ='Auto Print'!BO32 -> 26496 | BL11: ='Auto Print'!BR32 -> 52852.8 | BO11: ='Auto Print'!BU32 -> 16747.2 | BR11: ='Auto Print'!BX32 -> 9031.2 | BU11: ='Auto Print'!CA32 -> 8467.2 | BX11: ='Auto Print'!CD32 -> 11731.2 | CA11: ='Auto Print'!CG32 -> 31667.4 | CD11: ='Auto Print'!CJ32 -> 27861 | CG11: ='Auto Print'!CM32 -> 27861 | CJ11: ='Auto Print'!CP32 -> 27861 | CM11: ='Auto Print'!CS32 -> 23992.5 | CP11: ='Auto Print'!CV32 -> 55393.5 | CS11: ='Auto Print'!CY32 -> 55393.5 | CV11: ='Auto Print'!DB32 -> 55393.5 | CY11: ='Auto Print'!DE32 -> 38025
A12: Auto Printing | C12: TOTAL MESIN | D12: 1 | G12: TOTAL KEBUTUHAN MESIN | J12: =L7 -> 0 | M12: =O7 -> 0 | P12: =R7 -> 0 | S12: =U7 -> 0 | V12: ='Auto Print'!Y33 -> 0.91533623 | Y12: ='Auto Print'!AB33 -> 0.43777739 | AB12: ='Auto Print'!AE33 -> 1.2225486 | AE12: ='Auto Print'!AH33 -> 1.1908386 | AH12: ='Auto Print'!AK33 -> 0.76910105 | AK12: ='Auto Print'!AN33 -> 0 | AN12: ='Auto Print'!AQ33 -> 0 | AQ12: ='Auto Print'!AW33 -> 0.43095793 | AT12: ='Auto Print'!AZ33 -> 0.10189047 | AW12: ='Auto Print'!BC33 -> 2.4617371 | AZ12: ='Auto Print'!BF33 -> 0.37795172 | BC12: ='Auto Print'!BI33 -> 1.0826807 | BF12: ='Auto Print'!BL33 -> 1.1912137 | BI12: ='Auto Print'!BO33 -> 0.89038351 | BL12: ='Auto Print'!BR33 -> 2.2810849 | BO12: ='Auto Print'!BU33 -> 0.73574287 | BR12: ='Auto Print'!BX33 -> 0.31709359 | BU12: ='Auto Print'!CA33 -> 0.29592739 | BX12: ='Auto Print'!CD33 -> 0.41842112 | CA12: ='Auto Print'!CG33 -> 1.1770669 | CD12: ='Auto Print'!CJ33 -> 1.252304 | CG12: ='Auto Print'!CM33 -> 1.0326015 | CJ12: ='Auto Print'!CP33 -> 1.0326015 | CM12: ='Auto Print'!CS33 -> 0.88526491 | CP12: ='Auto Print'!CV33 -> 1.9358743 | CS12: ='Auto Print'!CY33 -> 1.9358743 | CV12: ='Auto Print'!DB33 -> 2.3477624 | CY12: ='Auto Print'!DE33 -> 1.2743735
G13: TOTAL KAPASITAS MESIN | J13: =+$D$31 -> 0 | M13: =+$D$31 -> 0 | P13: =+$D$31 -> 0 | S13: =+$D$31 -> 0 | V13: ='Auto Print'!Y34 -> 1 | Y13: ='Auto Print'!AB34 -> 1 | AB13: ='Auto Print'!AE34 -> 1 | AE13: ='Auto Print'!AH34 -> 1 | AH13: ='Auto Print'!AK34 -> 1 | AK13: ='Auto Print'!AN34 -> 1 | AN13: ='Auto Print'!AQ34 -> 1 | AQ13: ='Auto Print'!AW34 -> 1 | AT13: ='Auto Print'!AZ34 -> 1 | AW13: ='Auto Print'!BC34 -> 1 | AZ13: ='Auto Print'!BF34 -> 1 | BC13: ='Auto Print'!BI34 -> 1 | BF13: ='Auto Print'!BL34 -> 1 | BI13: ='Auto Print'!BO34 -> 1 | BL13: ='Auto Print'!BR34 -> 1 | BO13: ='Auto Print'!BU34 -> 1 | BR13: ='Auto Print'!BX34 -> 1 | BU13: ='Auto Print'!CA34 -> 1 | BX13: ='Auto Print'!CD34 -> 1 | CA13: ='Auto Print'!CG34 -> 1 | CD13: ='Auto Print'!CJ34 -> 1 | CG13: ='Auto Print'!CM34 -> 1 | CJ13: ='Auto Print'!CP34 -> 1 | CM13: ='Auto Print'!CS34 -> 1 | CP13: ='Auto Print'!CV34 -> 1 | CS13: ='Auto Print'!CY34 -> 1 | CV13: ='Auto Print'!DB34 -> 1 | CY13: ='Auto Print'!DE34 -> 1
G14: SURPLUS | J14: =J13-J12 -> 0 | M14: =M13-M12 -> 0 | P14: =P13-P12 -> 0 | S14: =S13-S12 -> 0 | V14: ='Auto Print'!Y35 -> 0.084663772 | Y14: ='Auto Print'!AB35 -> 0.56222261 | AB14: ='Auto Print'!AE35 -> -0.22254856 | AE14: ='Auto Print'!AH35 -> -0.19083855 | AH14: ='Auto Print'!AK35 -> 0.23089895 | AK14: ='Auto Print'!AN35 -> 1 | AN14: ='Auto Print'!AQ35 -> 1 | AQ14: ='Auto Print'!AW35 -> 0.56904207 | AT14: ='Auto Print'!AZ35 -> 0.89810953 | AW14: ='Auto Print'!BC35 -> -1.4617371 | AZ14: ='Auto Print'!BF35 -> 0.62204828 | BC14: ='Auto Print'!BI35 -> -0.08268066 | BF14: ='Auto Print'!BL35 -> -0.19121371 | BI14: ='Auto Print'!BO35 -> 0.10961649 | BL14: ='Auto Print'!BR35 -> -1.2810849 | BO14: ='Auto Print'!BU35 -> 0.26425713 | BR14: ='Auto Print'!BX35 -> 0.68290641 | BU14: ='Auto Print'!CA35 -> 0.70407261 | BX14: ='Auto Print'!CD35 -> 0.58157888 | CA14: ='Auto Print'!CG35 -> -0.17706695 | CD14: ='Auto Print'!CJ35 -> -0.25230396 | CG14: ='Auto Print'!CM35 -> -0.03260151 | CJ14: ='Auto Print'!CP35 -> -0.03260151 | CM14: ='Auto Print'!CS35 -> 0.11473509 | CP14: ='Auto Print'!CV35 -> -0.93587429 | CS14: ='Auto Print'!CY35 -> -0.93587429 | CV14: ='Auto Print'!DB35 -> -1.3477624 | CY14: ='Auto Print'!DE35 -> -0.27437354
J17: =+#REF! -> #REF! | M17: =Emboss!P61 -> WEEK PRODUKSI 37 | P17: =Emboss!S61 -> WEEK PRODUKSI 38 | S17: =Emboss!V61 -> WEEK PRODUKSI 39 | V17: =Emboss!Y61 -> TOTAL WEEK 39 | Y17: =Emboss!AB61 -> WEEK PRODUKSI 40 | AB17: =Emboss!AE61 -> WEEK PRODUKSI 41 | AE17: =Emboss!AH61 -> WEEK PRODUKSI 42 | AH17: =Emboss!AK61 -> WEEK PRODUKSI 43 | AK17: =Emboss!AN61 -> WEEK PRODUKSI 44 | AN17: =Emboss!AQ61 -> WEEK PRODUKSI 45 | AQ17: =Emboss!AZ61 -> WEEK PRODUKSI + ORI 45 | AT17: =Emboss!BC61 -> WEEK PRODUKSI + ORI 46 | AW17: =Emboss!BL61 -> WEEK ORI 47 | AZ17: =Emboss!BO61 -> WEEK ORI 48 | BC17: =Emboss!BR61 -> WEEK ORI 49 | BF17: =Emboss!BU61 -> WEEK ORI 50 | BI17: =Emboss!BX61 -> WEEK ORI 51 | BL17: =Emboss!CA61 -> WEEK ORI 52 | BO17: =Emboss!CD61 -> WEEK ORI 1 | BR17: =Emboss!CG61 -> WEEK ORI 2 | BU17: =Emboss!CJ61 -> WEEK ORI 3 | BX17: =Emboss!CM61 -> WEEK ORI 4 | CA17: =Emboss!CP61 -> WEEK ORI 5 | CD17: =Emboss!CS61 -> WEEK ORI 6 | CG17: =Emboss!CV61 -> WEEK ORI 7 | CJ17: =Emboss!CY61 -> WEEK ORI 8 | CM17: =Emboss!DB61 -> WEEK ORI 9 | CP17: =Emboss!DE61 -> WEEK ORI 10 | CS17: =Emboss!DH61 -> WEEK ORI 12 | CV17: =Emboss!DK61 -> WEEK ORI 13 | CY17: =Emboss!DN61 -> WEEK ORI 14
G18: TOTAL BALANCE KOMPONEN | J18: =K$61 -> 0 | M18: =Emboss!P62 -> 702 | P18: =Emboss!S62 -> 14086 | S18: =Emboss!V62 -> 90290 | V18: =Emboss!Y62 -> 106700 | Y18: =Emboss!AB62 -> 90332 | AB18: =Emboss!AE62 -> 165918 | AE18: =Emboss!AH62 -> 128246 | AH18: =Emboss!AK62 -> 140064 | AK18: =Emboss!AN62 -> 32490 | AN18: =Emboss!AQ62 -> 19800 | AQ18: =Emboss!AZ62 -> 53817 | AT18: =Emboss!BC62 -> 6813 | AW18: =Emboss!BL62 -> 141861 | AZ18: =Emboss!BO62 -> 21189 | BC18: =Emboss!BR62 -> 74365.5 | BF18: =Emboss!BU62 -> 83155.5 | BI18: =Emboss!BX62 -> 63523.5 | BL18: =Emboss!CA62 -> 117162.7 | BO18: =Emboss!CD62 -> 40788.4 | BR18: =Emboss!CG62 -> 25356.4 | BU18: =Emboss!CJ62 -> 24228.4 | BX18: =Emboss!CM62 -> 30756.4 | CA18: =Emboss!CP62 -> 87278.2 | CD18: =Emboss!CS62 -> 81371.5 | CG18: =Emboss!CV62 -> 84143.5 | CJ18: =Emboss!CY62 -> 79643.5 | CM18: =Emboss!DB62 -> 64305 | CP18: =Emboss!DE62 -> 127072.5 | CS18: =Emboss!DH62 -> 127072.5 | CV18: =Emboss!DK62 -> 127072.5 | CY18: =Emboss!DN62 -> 82362
A19: Emboss | C19: TOTAL MESIN | D19: 22 | G19: TOTAL KEBUTUHAN MESIN | J19: =L$61 -> 0 | M19: =Emboss!P63 -> 0 | P19: =Emboss!S63 -> 0 | S19: =Emboss!V63 -> 12.53807 | V19: =Emboss!Y63 -> 14.856964 | Y19: =Emboss!AB63 -> 12.573359 | AB19: =Emboss!AE63 -> 22.851502 | AE19: =Emboss!AH63 -> 18.815962 | AH19: =Emboss!AK63 -> 23.066017 | AK19: =Emboss!AN63 -> 5.5423561 | AN19: =Emboss!AQ63 -> 3.1634615 | AQ19: =Emboss!AZ63 -> 7.8921471 | AT19: =Emboss!BC63 -> 0.85124133 | AW19: =Emboss!BL63 -> 18.380656 | AZ19: =Emboss!BO63 -> 2.6701668 | BC19: =Emboss!BR63 -> 9.6180265 | BF19: =Emboss!BU63 -> 10.805826 | BI19: =Emboss!BX63 -> 8.23278 | BL19: =Emboss!CA63 -> 17.824679 | BO19: =Emboss!CD63 -> 5.7193179 | BR19: =Emboss!CG63 -> 2.7294257 | BU19: =Emboss!CJ63 -> 2.5868895 | BX19: =Emboss!CM63 -> 3.4117797 | CA19: =Emboss!CP63 -> 6.4781612 | CD19: =Emboss!CS63 -> 7.1073466 | CG19: =Emboss!CV63 -> 6.2579864 | CJ19: =Emboss!CY63 -> 5.5390179 | CM19: =Emboss!DB63 -> 5.4411131 | CP19: =Emboss!DE63 -> 13.882038 | CS19: =Emboss!DH63 -> 13.882038 | CV19: =Emboss!DK63 -> 16.966936 | CY19: =Emboss!DN63 -> 10.894759
G20: TOTAL KAPASITAS | J20: 22 | M20: =Emboss!P64 -> 22 | P20: =Emboss!S64 -> 22 | S20: =Emboss!V64 -> 22 | V20: =Emboss!Y64 -> 22 | Y20: =Emboss!AB64 -> 22 | AB20: =Emboss!AE64 -> 22 | AE20: =Emboss!AH64 -> 22 | AH20: =Emboss!AK64 -> 22 | AK20: =Emboss!AN64 -> 22 | AN20: =Emboss!AQ64 -> 22 | AQ20: =Emboss!AZ64 -> 22 | AT20: =Emboss!BC64 -> 22 | AW20: =Emboss!BL64 -> 22 | AZ20: =Emboss!BO64 -> 22 | BC20: =Emboss!BR64 -> 32 | BF20: =Emboss!BU64 -> 32 | BI20: =Emboss!BX64 -> 32 | BL20: =Emboss!CA64 -> 32 | BO20: =Emboss!CD64 -> 32 | BR20: =Emboss!CG64 -> 32 | BU20: =Emboss!CJ64 -> 32 | BX20: =Emboss!CM64 -> 32 | CA20: =Emboss!CP64 -> 32 | CD20: =Emboss!CS64 -> 32 | CG20: =Emboss!CV64 -> 32 | CJ20: =Emboss!CY64 -> 32 | CM20: =Emboss!DB64 -> 32 | CP20: =Emboss!DE64 -> 32 | CS20: =Emboss!DH64 -> 32 | CV20: =Emboss!DK64 -> 32 | CY20: =Emboss!DN64 -> 32
G21: SURPLUS | J21: =J20-J19 -> 22 | M21: =Emboss!P65 -> 22 | P21: =Emboss!S65 -> 22 | S21: =Emboss!V65 -> 9.46193 | V21: =Emboss!Y65 -> 7.1430359 | Y21: =Emboss!AB65 -> 9.4266414 | AB21: =Emboss!AE65 -> -0.851502 | AE21: =Emboss!AH65 -> 3.1840382 | AH21: =Emboss!AK65 -> -1.0660166 | AK21: =Emboss!AN65 -> 16.457644 | AN21: =Emboss!AQ65 -> 18.836538 | AQ21: =Emboss!AZ65 -> 14.107853 | AT21: =Emboss!BC65 -> 21.148759 | AW21: =Emboss!BL65 -> 3.619344 | AZ21: =Emboss!BO65 -> 19.329833 | BC21: =Emboss!BR65 -> 22.381974 | BF21: =Emboss!BU65 -> 21.194174 | BI21: =Emboss!BX65 -> 23.76722 | BL21: =Emboss!CA65 -> 14.175321 | BO21: =Emboss!CD65 -> 26.280682 | BR21: =Emboss!CG65 -> 29.270574 | BU21: =Emboss!CJ65 -> 29.413111 | BX21: =Emboss!CM65 -> 28.58822 | CA21: =Emboss!CP65 -> 25.521839 | CD21: =Emboss!CS65 -> 24.892653 | CG21: =Emboss!CV65 -> 25.742014 | CJ21: =Emboss!CY65 -> 26.460982 | CM21: =Emboss!DB65 -> 26.558887 | CP21: =Emboss!DE65 -> 18.117962 | CS21: =Emboss!DH65 -> 18.117962 | CV21: =Emboss!DK65 -> 15.033064 | CY21: =Emboss!DN65 -> 21.105241
J24: =+#REF! -> #REF! | M24: ='Cut Press'!P32 -> WEEK PRODUKSI 37 | P24: ='Cut Press'!S32 -> WEEK PRODUKSI 38 | S24: ='Cut Press'!V32 -> WEEK PRODUKSI 39 | V24: ='Cut Press'!Y32 -> TOTAL WEEK 39 | Y24: ='Cut Press'!AB32 -> WEEK PRODUKSI 40 | AB24: ='Cut Press'!AE32 -> WEEK PRODUKSI 41 | AE24: ='Cut Press'!AH32 -> WEEK PRODUKSI 42 | AH24: ='Cut Press'!AK32 -> WEEK PRODUKSI 43 | AK24: ='Cut Press'!AN32 -> WEEK PRODUKSI 44 | AN24: ='Cut Press'!AQ32 -> WEEK PRODUKSI 45 | AQ24: ='Cut Press'!AW32 -> WEEK PRODUKSI + ORI 45 | AT24: ='Cut Press'!BC32 -> WEEK ORI 46 | AW24: ='Cut Press'!BF32 -> WEEK ORI 47 | AZ24: ='Cut Press'!BI32 -> WEEK ORI 48 | BC24: ='Cut Press'!BL32 -> WEEK ORI 49 | BF24: ='Cut Press'!BO32 -> WEEK ORI 50 | BI24: ='Cut Press'!BR32 -> WEEK ORI 51 | BL24: ='Cut Press'!BU32 -> WEEK ORI 52 | BO24: ='Cut Press'!BX32 -> WEEK ORI 1 | BR24: ='Cut Press'!CA32 -> WEEK ORI 2 | BU24: ='Cut Press'!CD32 -> WEEK ORI 3 | BX24: ='Cut Press'!CG32 -> WEEK ORI 4 | CA24: ='Cut Press'!CJ32 -> WEEK ORI 5 | CD24: ='Cut Press'!CM32 -> WEEK ORI 6 | CG24: ='Cut Press'!CP32 -> WEEK ORI 7 | CJ24: ='Cut Press'!CS32 -> WEEK ORI 8 | CM24: ='Cut Press'!CV32 -> WEEK ORI 9 | CP24: ='Cut Press'!CY32 -> WEEK ORI 10 | CS24: ='Cut Press'!DB32 -> WEEK ORI 12 | CV24: ='Cut Press'!DE32 -> WEEK ORI 13 | CY24: ='Cut Press'!DH32 -> WEEK ORI 14
G25: TOTAL BALANCE | J25: =K$35 -> 0 | M25: ='Cut Press'!P34 -> 0 | P25: ='Cut Press'!S34 -> 9462 | S25: ='Cut Press'!V34 -> 12324 | V25: ='Cut Press'!Y34 -> 21786 | Y25: ='Cut Press'!AB34 -> 36030 | AB25: ='Cut Press'!AE34 -> 68376 | AE25: ='Cut Press'!AH34 -> 55860 | AH25: ='Cut Press'!AK34 -> 24456 | AK25: ='Cut Press'!AN34 -> 1362 | AN25: ='Cut Press'!AQ34 -> 3300 | AQ25: ='Cut Press'!AW34 -> 32293.5 | AT25: ='Cut Press'!BC34 -> 4072.5 | AW25: ='Cut Press'!BF34 -> 110947.5 | AZ25: ='Cut Press'!BI34 -> 26380.5 | BC25: ='Cut Press'!BL34 -> 56629.5 | BF25: ='Cut Press'!BO34 -> 59863.5 | BI25: ='Cut Press'!BR34 -> 44239.5 | BL25: ='Cut Press'!BU34 -> 80077.5 | BO25: ='Cut Press'!BX34 -> 25533.6 | BR25: ='Cut Press'!CA34 -> 9849.6 | BU25: ='Cut Press'!CD34 -> 9003.6 | BX25: ='Cut Press'!CG34 -> 13899.6 | CA25: ='Cut Press'!CJ34 -> 15645.6 | CD25: ='Cut Press'!CM34 -> 10498.5 | CG25: ='Cut Press'!CP34 -> 10960.5 | CJ25: ='Cut Press'!CS34 -> 10210.5 | CM25: ='Cut Press'!CV34 -> 10210.5 | CP25: ='Cut Press'!CY34 -> 63454.5 | CS25: ='Cut Press'!DB34 -> 63454.5 | CV25: ='Cut Press'!DE34 -> 63454.5 | CY25: ='Cut Press'!DH34 -> 63454.5
A26: Cutting Press | C26: TOTAL HOLD | D26: 16 | G26: TOTAL KEBUTUHAN HOLD | J26: =L$35 -> 0 | M26: ='Cut Press'!P35 -> 0 | P26: ='Cut Press'!S35 -> 0 | S26: ='Cut Press'!V35 -> 2.7151515 | V26: ='Cut Press'!Y35 -> 4.8796537 | Y26: ='Cut Press'!AB35 -> 8.5044733 | AB26: ='Cut Press'!AE35 -> 18.077922 | AE26: ='Cut Press'!AH35 -> 12.335931 | AH26: ='Cut Press'!AK35 -> 6.3792208 | AK26: ='Cut Press'!AN35 -> 0.78614719 | AN26: ='Cut Press'!AQ35 -> 1.9047619 | AQ26: ='Cut Press'!AW35 -> 7.4831169 | AT26: ='Cut Press'!BC35 -> 0.78354978 | AW26: ='Cut Press'!BF35 -> 21.921212 | AZ26: ='Cut Press'!BI35 -> 0.74563492 | BC26: ='Cut Press'!BL35 -> 10.37104 | BF26: ='Cut Press'!BO35 -> 11.517749 | BI26: ='Cut Press'!BR35 -> 8.5116883 | BL26: ='Cut Press'!BU35 -> 15.406926 | BO26: ='Cut Press'!BX35 -> 17.169524 | BR26: ='Cut Press'!CA35 -> 1.8950649 | BU26: ='Cut Press'!CD35 -> 1.7322944 | BX26: ='Cut Press'!CG35 -> 2.6742857 | CA26: ='Cut Press'!CJ35 -> 3.6791534 | CD26: ='Cut Press'!CM35 -> 2.6042328 | CG26: ='Cut Press'!CP35 -> 2.3974026 | CJ26: ='Cut Press'!CS35 -> 1.9645022 | CM26: ='Cut Press'!CV35 -> 1.9645022 | CP26: ='Cut Press'!CY35 -> 12.208658 | CS26: ='Cut Press'!DB35 -> 12.208658 | CV26: ='Cut Press'!DE35 -> 14.921693 | CY26: ='Cut Press'!DH35 -> 12.208658
G27: TOTAL KAPASITAS | J27: 8 | M27: ='Cut Press'!P36 -> 8 | P27: ='Cut Press'!S36 -> 8 | S27: ='Cut Press'!V36 -> 8 | V27: ='Cut Press'!Y36 -> 16 | Y27: ='Cut Press'!AB36 -> 16 | AB27: ='Cut Press'!AE36 -> 16 | AE27: ='Cut Press'!AH36 -> 16 | AH27: ='Cut Press'!AK36 -> 16 | AK27: ='Cut Press'!AN36 -> 16 | AN27: ='Cut Press'!AQ36 -> 16 | AQ27: ='Cut Press'!AW36 -> 16 | AT27: ='Cut Press'!BC36 -> 16 | AW27: ='Cut Press'!BF36 -> 16 | AZ27: ='Cut Press'!BI36 -> 16 | BC27: ='Cut Press'!BL36 -> 16 | BF27: ='Cut Press'!BO36 -> 16 | BI27: ='Cut Press'!BR36 -> 16 | BL27: ='Cut Press'!BU36 -> 16 | BO27: ='Cut Press'!BX36 -> 16 | BR27: ='Cut Press'!CA36 -> 16 | BU27: ='Cut Press'!CD36 -> 16 | BX27: ='Cut Press'!CG36 -> 16 | CA27: ='Cut Press'!CJ36 -> 16 | CD27: ='Cut Press'!CM36 -> 16 | CG27: ='Cut Press'!CP36 -> 16 | CJ27: ='Cut Press'!CS36 -> 16 | CM27: ='Cut Press'!CV36 -> 16 | CP27: ='Cut Press'!CY36 -> 16 | CS27: ='Cut Press'!DB36 -> 16 | CV27: ='Cut Press'!DE36 -> 16 | CY27: ='Cut Press'!DH36 -> 16
G28: SURPLUS | J28: =J27-J26 -> 8 | M28: ='Cut Press'!P37 -> 8 | P28: ='Cut Press'!S37 -> 8 | S28: ='Cut Press'!V37 -> 5.2848485 | V28: ='Cut Press'!Y37 -> 11.120346 | Y28: ='Cut Press'!AB37 -> 7.4955267 | AB28: ='Cut Press'!AE37 -> -2.0779221 | AE28: ='Cut Press'!AH37 -> 3.6640693 | AH28: ='Cut Press'!AK37 -> 9.6207792 | AK28: ='Cut Press'!AN37 -> 15.213853 | AN28: ='Cut Press'!AQ37 -> 14.095238 | AQ28: ='Cut Press'!AW37 -> 8.5168831 | AT28: ='Cut Press'!BC37 -> 15.21645 | AW28: ='Cut Press'!BF37 -> -5.9212121 | AZ28: ='Cut Press'!BI37 -> 15.254365 | BC28: ='Cut Press'!BL37 -> 5.6289602 | BF28: ='Cut Press'!BO37 -> 4.4822511 | BI28: ='Cut Press'!BR37 -> 7.4883117 | BL28: ='Cut Press'!BU37 -> 0.59307359 | BO28: ='Cut Press'!BX37 -> -1.1695238 | BR28: ='Cut Press'!CA37 -> 14.104935 | BU28: ='Cut Press'!CD37 -> 14.267706 | BX28: ='Cut Press'!CG37 -> 13.325714 | CA28: ='Cut Press'!CJ37 -> 12.320847 | CD28: ='Cut Press'!CM37 -> 13.395767 | CG28: ='Cut Press'!CP37 -> 13.602597 | CJ28: ='Cut Press'!CS37 -> 14.035498 | CM28: ='Cut Press'!CV37 -> 14.035498 | CP28: ='Cut Press'!CY37 -> 3.791342 | CS28: ='Cut Press'!DB37 -> 3.791342 | CV28: ='Cut Press'!DE37 -> 1.0783069 | CY28: ='Cut Press'!DH37 -> 3.791342
J32: =+J9 -> 0 | M32: =+M9 -> 0 | P32: =+P9 -> 0 | S32: =+S9 -> 0 | V32: =Nosew!V26 -> TOTAL WEEK 39 | Y32: =Nosew!Y26 -> WEEK PRODUKSI 40 | AB32: =Nosew!AB26 -> WEEK PRODUKSI 41 | AE32: =Nosew!AE26 -> WEEK PRODUKSI 42 | AH32: =Nosew!AH26 -> WEEK PRODUKSI 43 | AK32: =Nosew!AK26 -> WEEK PRODUKSI 44 | AN32: =Nosew!AN26 -> WEEK PRODUKSI 45 | AQ32: =Nosew!AT26 -> WEEK PRODUKSI + ORI 45 | AT32: =Nosew!AZ26 -> WEEK ORI 46 | AW32: =Nosew!BC26 -> WEEK ORI 47 | AZ32: =Nosew!BF26 -> WEEK ORI 48 | BC32: =Nosew!BI26 -> WEEK ORI 49 | BF32: =Nosew!BL26 -> WEEK ORI 50 | BI32: =Nosew!BO26 -> WEEK ORI 51 | BL32: =Nosew!BR26 -> WEEK ORI 52 | BO32: =Nosew!BU26 -> WEEK ORI 1 | BR32: =Nosew!BX26 -> WEEK ORI 2 | BU32: =Nosew!CA26 -> WEEK ORI 3 | BX32: =Nosew!CD26 -> WEEK ORI 4 | CA32: =Nosew!CG26 -> WEEK ORI 5 | CD32: =Nosew!CJ26 -> WEEK ORI 6 | CG32: =Nosew!CM26 -> WEEK ORI 7 | CJ32: =Nosew!CP26 -> WEEK ORI 8 | CM32: =Nosew!CS26 -> WEEK ORI 9 | CP32: =Nosew!CV26 -> WEEK ORI 10 | CS32: =Nosew!CY26 -> WEEK ORI 12 | CV32: =Nosew!DB26 -> WEEK ORI 13 | CY32: =Nosew!DE26 -> WEEK ORI 14
G33: TOTAL BALANCE KOMPONEN | J33: =K29 -> 0 | M33: =N29 -> 0 | P33: =Q29 -> 0 | S33: =T29 -> 0 | V33: =Nosew!V27 -> 18619.5 | Y33: =Nosew!Y27 -> 26924.5 | AB33: =Nosew!AB27 -> 30432 | AE33: =Nosew!AE27 -> 21996 | AH33: =Nosew!AH27 -> 26742 | AK33: =Nosew!AK27 -> 8016 | AN33: =Nosew!AN27 -> 4320 | AQ33: =Nosew!AT27 -> 14524.5 | AT33: =Nosew!AZ27 -> 5530.5 | AW33: =Nosew!BC27 -> 16186.5 | AZ33: =Nosew!BF27 -> 36964.5 | BC33: =Nosew!BI27 -> 9255 | BF33: =Nosew!BL27 -> 17859 | BI33: =Nosew!BO27 -> 11457 | BL33: =Nosew!BR27 -> 19785 | BO33: =Nosew!BU27 -> 91206 | BR33: =Nosew!BX27 -> 29028 | BU33: =Nosew!CA27 -> 27372 | BX33: =Nosew!CD27 -> 26886 | CA33: =Nosew!CG27 -> 28944 | CD33: =Nosew!CJ27 -> 34956 | CG33: =Nosew!CM27 -> 32382 | CJ33: =Nosew!CP27 -> 31632 | CM33: =Nosew!CS27 -> 32244 | CP33: =Nosew!CV27 -> 45094.5 | CS33: =Nosew!CY27 -> 45094.5 | CV33: =Nosew!DB27 -> 45094.5 | CY33: =Nosew!DE27 -> 45094.5
A34: Nosew | C34: MESIN READY | D34: 4 | G34: TOTAL KEBUTUHAN MESIN | J34: =L29 -> 0 | M34: =O29 -> 0 | P34: =R29 -> 0 | S34: =U29 -> 0 | V34: =Nosew!V28 -> 2.3933217 | Y34: =Nosew!Y28 -> 3.4870779 | AB34: =Nosew!AB28 -> 4.2570339 | AE34: =Nosew!AE28 -> 3.3825411 | AH34: =Nosew!AH28 -> 4.3464663 | AK34: =Nosew!AK28 -> 1.0048951 | AN34: =Nosew!AN28 -> 0.56103896 | AQ34: =Nosew!AT28 -> 2.6368654 | AT34: =Nosew!AZ28 -> 1.1175974 | AW34: =Nosew!BC28 -> 3.0942626 | AZ34: =Nosew!BF28 -> 5.5338829 | BC34: =Nosew!BI28 -> 1.4692435 | BF34: =Nosew!BL28 -> 3.3061157 | BI34: =Nosew!BO28 -> 2.5946871 | BL34: =Nosew!BR28 -> 4.1058874 | BO34: =Nosew!BU28 -> 16.370395 | BR34: =Nosew!BX28 -> 5.3370077 | BU34: =Nosew!CA28 -> 5.1554711 | BX34: =Nosew!CD28 -> 5.0407131 | CA34: =Nosew!CG28 -> 5.5266635 | CD34: =Nosew!CJ28 -> 8.294364 | CG34: =Nosew!CM28 -> 5.1548588 | CJ34: =Nosew!CP28 -> 4.6840047 | CM34: =Nosew!CS28 -> 4.4554063 | CP34: =Nosew!CV28 -> 6.109026 | CS34: =Nosew!CY28 -> 5.5240909 | CV34: =Nosew!DB28 -> 5.8767638 | CY34: =Nosew!DE28 -> 5.1062801
C35: ADD 01/10 | D35: 5 | G35: TOTAL KAPASITAS MESIN | J35: =+$D$34 -> 4 | M35: =+$D$34 -> 4 | P35: =+$D$34 -> 4 | S35: =+$D$34 -> 4 | V35: =Nosew!V29 -> 4 | Y35: =Nosew!Y29 -> 4 | AB35: =Nosew!AB29 -> 6 | AE35: =Nosew!AE29 -> 6 | AH35: =Nosew!AH29 -> 6 | AK35: =Nosew!AK29 -> 6 | AN35: =Nosew!AN29 -> 6 | AQ35: =Nosew!AT29 -> 6 | AT35: =Nosew!AZ29 -> 6 | AW35: =Nosew!BC29 -> 6 | AZ35: =Nosew!BF29 -> 6 | BC35: =Nosew!BI29 -> 6 | BF35: =Nosew!BL29 -> 6 | BI35: =Nosew!BO29 -> 6 | BL35: =Nosew!BR29 -> 6 | BO35: =Nosew!BU29 -> 6 | BR35: =Nosew!BX29 -> 6 | BU35: =Nosew!CA29 -> 6 | BX35: =Nosew!CD29 -> 6 | CA35: =Nosew!CG29 -> 6 | CD35: =Nosew!CJ29 -> 6 | CG35: =Nosew!CM29 -> 6 | CJ35: =Nosew!CP29 -> 6 | CM35: =Nosew!CS29 -> 6 | CP35: =Nosew!CV29 -> 6 | CS35: =Nosew!CY29 -> 6 | CV35: =Nosew!DB29 -> 6 | CY35: =Nosew!DE29 -> 6
C36: TOTAL MESIN | D36: 6 | G36: SURPLUS | J36: =J35-J34 -> 4 | M36: =M35-M34 -> 4 | P36: =P35-P34 -> 4 | S36: =S35-S34 -> 4 | V36: =Nosew!V30 -> 1.6066783 | Y36: =Nosew!Y30 -> 0.51292208 | AB36: =Nosew!AB30 -> 1.7429661 | AE36: =Nosew!AE30 -> 2.6174589 | AH36: =Nosew!AH30 -> 1.6535337 | AK36: =Nosew!AK30 -> 4.9951049 | AN36: =Nosew!AN30 -> 5.438961 | AQ36: =Nosew!AT30 -> 3.3631346 | AT36: =Nosew!AZ30 -> 4.8824026 | AW36: =Nosew!BC30 -> 2.9057374 | AZ36: =Nosew!BF30 -> 0.46611706 | BC36: =Nosew!BI30 -> 4.5307565 | BF36: =Nosew!BL30 -> 2.6938843 | BI36: =Nosew!BO30 -> 3.4053129 | BL36: =Nosew!BR30 -> 1.8941126 | BO36: =Nosew!BU30 -> -10.370395 | BR36: =Nosew!BX30 -> 0.66299228 | BU36: =Nosew!CA30 -> 0.84452893 | BX36: =Nosew!CD30 -> 0.95928689 | CA36: =Nosew!CG30 -> 0.47333648 | CD36: =Nosew!CJ30 -> -2.294364 | CG36: =Nosew!CM30 -> 0.84514118 | CJ36: =Nosew!CP30 -> 1.3159953 | CM36: =Nosew!CS30 -> 1.5445937 | CP36: =Nosew!CV30 -> -0.10902597 | CS36: =Nosew!CY30 -> 0.47590909 | CV36: =Nosew!DB30 -> 0.12323621 | CY36: =Nosew!DE30 -> 0.89371985
J40: =+J8 -> 0 | M40: =+M8 -> 0 | P40: =+P8 -> 0 | S40: =+S8 -> 0 | V40: =Embroidery!V42 -> TOTAL WEEK 39 | Y40: =Embroidery!Y42 -> WEEK PRODUKSI 40 | AB40: =Embroidery!AB42 -> WEEK PRODUKSI 41 | AE40: =Embroidery!AE42 -> WEEK PRODUKSI 42 | AH40: =Embroidery!AH42 -> WEEK PRODUKSI 43 | AK40: =Embroidery!AK42 -> WEEK PRODUKSI 44 | AN40: =Embroidery!AN42 -> WEEK PRODUKSI 45 | AQ40: =Embroidery!AW42 -> WEEK PRODUKSI + ORI 45 | AT40: =Embroidery!AZ42 -> WEEK PRODUKSI + ORI 46 | AW40: =Embroidery!BI42 -> WEEK ORI 47 | AZ40: =Embroidery!BL42 -> WEEK ORI 48 | BC40: =Embroidery!BO42 -> WEEK ORI 49 | BF40: =Embroidery!BR42 -> WEEK ORI 50 | BI40: =Embroidery!BU42 -> WEEK ORI 51 | BL40: =Embroidery!BX42 -> WEEK ORI 52 | BO40: =Embroidery!CA42 -> WEEK ORI 1 | BR40: =Embroidery!CD42 -> WEEK ORI 2 | BU40: =Embroidery!CG42 -> WEEK ORI 3 | BX40: =Embroidery!CJ42 -> WEEK ORI 4 | CA40: =Embroidery!CM42 -> WEEK ORI 5 | CD40: =Embroidery!CP42 -> WEEK ORI 6 | CG40: =Embroidery!CS42 -> WEEK ORI 7 | CJ40: =Embroidery!CV42 -> WEEK ORI 8 | CM40: =Embroidery!CY42 -> WEEK ORI 9 | CP40: =Embroidery!DB42 -> WEEK ORI 10 | CS40: =Embroidery!DE42 -> WEEK ORI 12 | CV40: =Embroidery!DH42 -> WEEK ORI 13 | CY40: =Embroidery!DK42 -> WEEK ORI 14
G41: BALANCE KOMPONEN | J41: =K37 -> 0 | M41: =N37 -> 0 | P41: =Q37 -> 0 | S41: =T37 -> 0 | V41: =Embroidery!V43 -> 49889 | Y41: =Embroidery!Y43 -> 48335 | AB41: =Embroidery!AB43 -> 72446 | AE41: =Embroidery!AE43 -> 53706 | AH41: =Embroidery!AH43 -> 46416 | AK41: =Embroidery!AK43 -> 16008 | AN41: =Embroidery!AN43 -> 14466 | AQ41: =Embroidery!AW43 -> 74799.5 | AT41: =Embroidery!AZ43 -> 11022.5 | AW41: =Embroidery!BI43 -> 107642 | AZ41: =Embroidery!BL43 -> 33317 | BC41: =Embroidery!BO43 -> 67670 | BF41: =Embroidery!BR43 -> 65792 | BI41: =Embroidery!BU43 -> 54370 | BL41: =Embroidery!BX43 -> 92224 | BO41: =Embroidery!CA43 -> 49040.8 | BR41: =Embroidery!CD43 -> 38252.8 | BU41: =Embroidery!CG43 -> 38138.8 | BX41: =Embroidery!CJ43 -> 41672.8 | CA41: =Embroidery!CM43 -> 43082.8 | CD41: =Embroidery!CP43 -> 32736.5 | CG41: =Embroidery!CS43 -> 33198.5 | CJ41: =Embroidery!CV43 -> 32448.5 | CM41: =Embroidery!CY43 -> 32448.5 | CP41: =Embroidery!DB43 -> 72628.5 | CS41: =Embroidery!DE43 -> 72832.5 | CV41: =Embroidery!DH43 -> 72652.5 | CY41: =Embroidery!DK43 -> 72328.5
A42: Bordir | C42: TOTAL MESIN | D42: 8 | G42: TOTAL KEBUTUHAN MESIN | J42: =L37 -> 0 | M42: =O37 -> 0 | P42: =R37 -> 0 | S42: =U37 -> 0 | V42: =Embroidery!V45 -> 6.5598498 | Y42: =Embroidery!Y45 -> 5.1155574 | AB42: =Embroidery!AB45 -> 8.2534981 | AE42: =Embroidery!AE45 -> 6.5774239 | AH42: =Embroidery!AH45 -> 5.4662316 | AK42: =Embroidery!AK45 -> 1.7618301 | AN42: =Embroidery!AN45 -> 1.5507941 | AQ42: =Embroidery!AW45 -> 12.853828 | AT42: =Embroidery!AZ45 -> 1.5742676 | AW42: =Embroidery!BI45 -> 16.681137 | AZ42: =Embroidery!BL45 -> 5.7754904 | BC42: =Embroidery!BO45 -> 11.252165 | BF42: =Embroidery!BR45 -> 10.675729 | BI42: =Embroidery!BU45 -> 9.0016614 | BL42: =Embroidery!BX45 -> 18.016834 | BO42: =Embroidery!CA45 -> 10.333901 | BR42: =Embroidery!CD45 -> 6.8842338 | BU42: =Embroidery!CG45 -> 6.739991 | BX42: =Embroidery!CJ45 -> 7.3426996 | CA42: =Embroidery!CM45 -> 6.3779582 | CD42: =Embroidery!CP45 -> 6.9879994 | CG42: =Embroidery!CS45 -> 5.8083632 | CJ42: =Embroidery!CV45 -> 5.6607835 | CM42: =Embroidery!CY45 -> 5.6607835 | CP42: =Embroidery!DB45 -> 11.917807 | CS42: =Embroidery!DE45 -> 11.99351 | CV42: =Embroidery!DH45 -> 14.594582 | CY42: =Embroidery!DK45 -> 11.894336
G43: TOTAL KAPASITAS MESIN | J43: =+$D$42 -> 8 | M43: =+$D$42 -> 8 | P43: =+$D$42 -> 8 | S43: =+$D$42 -> 8 | V43: =Embroidery!V46 -> 8 | Y43: =Embroidery!Y46 -> 8 | AB43: =Embroidery!AB46 -> 8 | AE43: =Embroidery!AE46 -> 8 | AH43: =Embroidery!AH46 -> 8 | AK43: =Embroidery!AK46 -> 8 | AN43: =Embroidery!AN46 -> 8 | AQ43: =Embroidery!AW46 -> 8 | AT43: =Embroidery!AZ46 -> 8 | AW43: =Embroidery!BI46 -> 8 | AZ43: =Embroidery!BL46 -> 8 | BC43: =Embroidery!BO46 -> 8 | BF43: =Embroidery!BR46 -> 8 | BI43: =Embroidery!BU46 -> 8 | BL43: =Embroidery!BX46 -> 8 | BO43: =Embroidery!CA46 -> 8 | BR43: =Embroidery!CD46 -> 8 | BU43: =Embroidery!CG46 -> 8 | BX43: =Embroidery!CJ46 -> 8 | CA43: =Embroidery!CM46 -> 8 | CD43: =Embroidery!CP46 -> 8 | CG43: =Embroidery!CS46 -> 8 | CJ43: =Embroidery!CV46 -> 8 | CM43: =Embroidery!CY46 -> 8 | CP43: =Embroidery!DB46 -> 8 | CS43: =Embroidery!DE46 -> 8 | CV43: =Embroidery!DH46 -> 8 | CY43: =Embroidery!DK46 -> 8
G44: SURPLUS | J44: =J43-J42 -> 8 | M44: =M43-M42 -> 8 | P44: =P43-P42 -> 8 | S44: =S43-S42 -> 8 | V44: =Embroidery!V47 -> 1.4401502 | Y44: =Embroidery!Y47 -> 2.8844426 | AB44: =Embroidery!AB47 -> -0.25349808 | AE44: =Embroidery!AE47 -> 1.4225761 | AH44: =Embroidery!AH47 -> 2.5337684 | AK44: =Embroidery!AK47 -> 6.2381699 | AN44: =Embroidery!AN47 -> 6.4492059 | AQ44: =Embroidery!AW47 -> -4.8538276 | AT44: =Embroidery!AZ47 -> 6.4257324 | AW44: =Embroidery!BI47 -> -8.6811372 | AZ44: =Embroidery!BL47 -> 2.2245096 | BC44: =Embroidery!BO47 -> -3.2521651 | BF44: =Embroidery!BR47 -> -2.675729 | BI44: =Embroidery!BU47 -> -1.0016614 | BL44: =Embroidery!BX47 -> -10.016834 | BO44: =Embroidery!CA47 -> -2.3339007 | BR44: =Embroidery!CD47 -> 1.1157662 | BU44: =Embroidery!CG47 -> 1.260009 | BX44: =Embroidery!CJ47 -> 0.65730035 | CA44: =Embroidery!CM47 -> 1.6220418 | CD44: =Embroidery!CP47 -> 1.0120006 | CG44: =Embroidery!CS47 -> 2.1916368 | CJ44: =Embroidery!CV47 -> 2.3392165 | CM44: =Embroidery!CY47 -> 2.3392165 | CP44: =Embroidery!DB47 -> -3.9178069 | CS44: =Embroidery!DE47 -> -3.9935099 | CV44: =Embroidery!DH47 -> -6.5945816 | CY44: =Embroidery!DK47 -> -3.8943364

Sheet Screen Printing
A1: Simulation – Screen Printing Capacity (In House) | BQ1: Simulation – Screen Printing Capacity based on RCCP
A3: Tanggal | B3: 46279
A4: Balance | B4: =WORKDAY.INTL(B3,-1,"0000001") -> 46277
A5: Shift | B5: 2
BQ6: RCCP
A7: MODEL | B7: GENDER | C7: COMPONENT | D7: TARGET/JAM | E7: HARI AKTIF | F7: W/HOUR | G7: JUMLAH SHIFT | H7: TARGET/WEEK | I7: TARGET/DAY | J7: SEPTEMBER | AD7: OCTOBER | AX7: NOVEMBER | BI7: NOVEMBER | CG7: DECEMBER | CW7: JANUARY | DQ7: FEBRUARY | EG7: MARCH
J8: =+"W. PROD "&L10 -> W. PROD 36 | M8: =+"W. PROD "&O10 -> W. PROD 37 | P8: =+"W. PROD "&R10 -> W. PROD 38 | S8: =+"W. PROD "&U10 -> W. PROD 39 | V8: =+"TOTAL WEEK "&U10 -> TOTAL WEEK 39 | Z8: =+"W. PROD "&AB10 -> W. PROD 40 | AD8: =+"W. PROD "&AF10 -> W. PROD 41 | AH8: =+"W. PROD "&AJ10 -> W. PROD 42 | AL8: =+"W. PROD "&AN10 -> W. PROD 43 | AP8: =+"W. PROD "&AR10 -> W. PROD 44 | AT8: =+"W. PROD "&AV10 -> W. PROD 45 | AX8: =+"W. PROD "&AZ10 -> W. PROD 46 | BB8: =+"W. PROD "&BD10 -> W. PROD 47 | BI8: =+"WEEK PROD + ORI "&BK10 -> WEEK PROD + ORI 45 | BM8: =+"WEEK PROD + ORI "&BO10 -> WEEK PROD + ORI 46 | BQ8: =+"WEEK ORI "&BS10 -> WEEK ORI 45 | BU8: =+"WEEK ORI "&BW10 -> WEEK ORI 46 | BY8: =+"WEEK ORI "&CA10 -> WEEK ORI 47 | CC8: =+"WEEK ORI "&CE10 -> WEEK ORI 48 | CG8: =+"WEEK ORI "&CI10 -> WEEK ORI 49 | CK8: =+"WEEK ORI "&CM10 -> WEEK ORI 50 | CO8: =+"WEEK ORI "&CQ10 -> WEEK ORI 51 | CS8: =+"WEEK ORI "&CU10 -> WEEK ORI 52 | CW8: =+"WEEK ORI "&CY10 -> WEEK ORI 1 | DA8: =+"WEEK ORI "&DC10 -> WEEK ORI 2 | DE8: =+"WEEK ORI "&DG10 -> WEEK ORI 3 | DI8: =+"WEEK ORI "&DK10 -> WEEK ORI 4 | DM8: =+"WEEK ORI "&DO10 -> WEEK ORI 5 | DQ8: =+"WEEK ORI "&DS10 -> WEEK ORI 6 | DU8: =+"WEEK ORI "&DW10 -> WEEK ORI 7 | DY8: =+"WEEK ORI "&EA10 -> WEEK ORI 8 | EC8: =+"WEEK ORI "&EE10 -> WEEK ORI 9 | EG8: =+"WEEK ORI "&EI10 -> WEEK ORI 10 | EK8: =+"WEEK ORI "&EM10 -> WEEK ORI 12 | EO8: =+"WEEK ORI "&EQ10 -> WEEK ORI 13 | ES8: =+"WEEK ORI "&EU10 -> WEEK ORI 14
J9: TARGET FINISH | L9: =_xlfn.MAXIFS( 'BLC Subcont'!$DS:$DS, 'BLC Subcont'!$I:$I, L10 ) -> 46290 | M9: TARGET FINISH | O9: =_xlfn.MAXIFS( 'BLC Subcont'!$DS:$DS, 'BLC Subcont'!$I:$I, O10 ) -> 46297 | P9: TARGET FINISH | R9: =_xlfn.MAXIFS( 'BLC Subcont'!$DS:$DS, 'BLC Subcont'!$I:$I, R10 ) -> 46332 | S9: TARGET FINISH | U9: =DATE(2026,1,1)+(U10-1)*7-WEEKDAY(DATE(2026,1,1),2)+6 -> 46291 | V9: TARGET FINISH | X9: =DATE(2026,1,1)+(U10-2)*7-WEEKDAY(DATE(2026,1,1),2)+6 -> 46284 | Y9: =X9 -> 46284 | Z9: TARGET FINISH | AB9: 46282 | AC9: =AB9 -> 46282 | AD9: TARGET FINISH | AF9: 46287 | AG9: =AF9 -> 46287 | AH9: TARGET FINISH | AJ9: =DATE(2026,1,1)+(AJ10-2)*7-WEEKDAY(DATE(2026,1,1),2)+6 -> 46305 | AK9: =AJ9 -> 46305 | AL9: TARGET FINISH | AN9: =DATE(2026,1,1)+(AN10-2)*7-WEEKDAY(DATE(2026,1,1),2)+6 -> 46312 | AO9: =AN9 -> 46312 | AP9: TARGET FINISH | AR9: =DATE(2026,1,1)+(AR10-2)*7-WEEKDAY(DATE(2026,1,1),2)+6 -> 46319 | AS9: =AR9 -> 46319 | AT9: TARGET FINISH | AV9: =DATE(2026,1,1)+(AV10-2)*7-WEEKDAY(DATE(2026,1,1),2)+6 -> 46326 | AW9: =AV9 -> 46326 | AX9: TARGET FINISH | AZ9: =DATE(2026,1,1)+(AZ10-2)*7-WEEKDAY(DATE(2026,1,1),2)+6 -> 46333 | BA9: =AZ9 -> 46333 | BB9: TARGET FINISH | BD9: =DATE(2026,1,1)+(BD10-2)*7-WEEKDAY(DATE(2026,1,1),2)+6 -> 46340 | BE9: =BD9 -> 46340 | BI9: TARGET FINISH | BK9: =DATE(2026,1,1)+(BK10-2)*7-WEEKDAY(DATE(2026,1,1),2)+6 -> 46326 | BL9: =BK9 -> 46326 | BM9: TARGET FINISH | BO9: =DATE(2026,1,1)+(BO10-2)*7-WEEKDAY(DATE(2026,1,1),2)+6 -> 46333 | BP9: =BO9 -> 46333 | BQ9: TARGET FINISH | BS9: =DATE(2026,1,1)+(BS10-2)*7-WEEKDAY(DATE(2026,1,1),2)+6 -> 46326 | BT9: =BS9 -> 46326 | BU9: TARGET FINISH | BW9: =DATE(2026,1,1)+(BW10-2)*7-WEEKDAY(DATE(2026,1,1),2)+6 -> 46333 | BX9: =BW9 -> 46333 | BY9: TARGET FINISH | CA9: =DATE(2026,1,1)+(CA10-2)*7-WEEKDAY(DATE(2026,1,1),2)+6 -> 46340 | CB9: =CA9 -> 46340 | CC9: TARGET FINISH | CE9: =DATE(2026,1,1)+(CE10-2)*7-WEEKDAY(DATE(2026,1,1),2)+6 -> 46347 | CF9: =CE9 -> 46347 | CG9: TARGET FINISH | CI9: =DATE(2026,1,1)+(CI10-2)*7-WEEKDAY(DATE(2026,1,1),2)+6 -> 46354 | CJ9: =CI9 -> 46354 | CK9: TARGET FINISH | CM9: =DATE(2026,1,1)+(CM10-2)*7-WEEKDAY(DATE(2026,1,1),2)+6 -> 46361 | CN9: =CM9 -> 46361 | CO9: TARGET FINISH | CQ9: =DATE(2026,1,1)+(CQ10-2)*7-WEEKDAY(DATE(2026,1,1),2)+6 -> 46368 | CR9: =CQ9 -> 46368 | CS9: TARGET FINISH | CU9: =DATE(2026,1,1)+(CU10-2)*7-WEEKDAY(DATE(2026,1,1),2)+6 -> 46375 | CV9: =CU9 -> 46375 | CW9: TARGET FINISH | CY9: =DATE(2027,1,1)+(CY10-2)*7-WEEKDAY(DATE(2027,1,1),2)+6 -> 46382 | CZ9: =CY9 -> 46382 | DA9: TARGET FINISH | DC9: =DATE(2027,1,1)+(DC10-2)*7-WEEKDAY(DATE(2027,1,1),2)+6 -> 46389 | DD9: =DC9 -> 46389 | DE9: TARGET FINISH | DG9: =DATE(2027,1,1)+(DG10-2)*7-WEEKDAY(DATE(2027,1,1),2)+6 -> 46396 | DH9: =DG9 -> 46396 | DI9: TARGET FINISH | DK9: =DATE(2027,1,1)+(DK10-2)*7-WEEKDAY(DATE(2027,1,1),2)+6 -> 46403 | DL9: =DK9 -> 46403 | DM9: TARGET FINISH | DO9: =DATE(2027,1,1)+(DO10-2)*7-WEEKDAY(DATE(2027,1,1),2)+6 -> 46410 | DP9: =DO9 -> 46410 | DQ9: TARGET FINISH | DS9: =DATE(2027,1,1)+(DS10-2)*7-WEEKDAY(DATE(2027,1,1),2)+6 -> 46417 | DT9: =DS9 -> 46417 | DU9: TARGET FINISH | DW9: =DATE(2027,1,1)+(DW10-2)*7-WEEKDAY(DATE(2027,1,1),2)+6 -> 46424 | DX9: =DW9 -> 46424 | DY9: TARGET FINISH | EA9: =DATE(2027,1,1)+(EA10-2)*7-WEEKDAY(DATE(2027,1,1),2)+6 -> 46431 | EB9: =EA9 -> 46431 | EC9: TARGET FINISH | EE9: =DATE(2027,1,1)+(EE10-2)*7-WEEKDAY(DATE(2027,1,1),2)+6 -> 46438 | EF9: =EE9 -> 46438 | EG9: TARGET FINISH | EI9: =DATE(2027,1,1)+(EI10-2)*7-WEEKDAY(DATE(2027,1,1),2)+6 -> 46445 | EJ9: =EI9 -> 46445 | EK9: TARGET FINISH | EM9: =DATE(2027,1,1)+(EM10-2)*7-WEEKDAY(DATE(2027,1,1),2)+6 -> 46459 | EN9: =EM9 -> 46459 | EO9: TARGET FINISH | EQ9: =DATE(2027,1,1)+(EQ10-2)*7-WEEKDAY(DATE(2027,1,1),2)+6 -> 46466 | ER9: =EQ9 -> 46466 | ES9: TARGET FINISH | EU9: =DATE(2027,1,1)+(EU10-2)*7-WEEKDAY(DATE(2027,1,1),2)+6 -> 46473 | EV9: =EU9 -> 46473
J10: WEEK | L10: 36 | M10: WEEK | O10: =+L10+1 -> 37 | P10: WEEK | R10: =+O10+1 -> 38 | S10: WEEK | U10: =+R10+1 -> 39 | Y10: =+R10+1 -> 39 | Z10: WEEK | AB10: =+U10+1 -> 40 | AC10: =+V10+1 -> 1 | AD10: WEEK | AF10: =+AB10+1 -> 41 | AG10: =+AA10+1 -> 1 | AH10: WEEK | AJ10: =+AF10+1 -> 42 | AK10: =+AE10+1 -> 1 | AL10: WEEK | AN10: =+AJ10+1 -> 43 | AO10: =+AI10+1 -> 1 | AP10: WEEK | AR10: =+AN10+1 -> 44 | AS10: =+AM10+1 -> 1 | AT10: WEEK | AV10: =+AR10+1 -> 45 | AW10: =+AQ10+1 -> 1 | AX10: WEEK | AZ10: =+AV10+1 -> 46 | BA10: =+AU10+1 -> 1 | BB10: WEEK | BD10: =+AZ10+1 -> 47 | BE10: =+AY10+1 -> 1 | BI10: WEEK | BK10: 45 | BL10: =+BF10+1 -> 1 | BM10: WEEK | BO10: =+BK10+1 -> 46 | BP10: =+BJ10+1 -> 1 | BQ10: WEEK | BS10: 45 | BT10: =+BN10+1 -> 1 | BU10: WEEK | BW10: =+BS10+1 -> 46 | BX10: =+BR10+1 -> 1 | BY10: WEEK | CA10: =+BW10+1 -> 47 | CB10: =+BV10+1 -> 1 | CC10: WEEK | CE10: =+CA10+1 -> 48 | CF10: =+BZ10+1 -> 1 | CG10: WEEK | CI10: =+CE10+1 -> 49 | CJ10: =+CD10+1 -> 1 | CK10: WEEK | CM10: =+CI10+1 -> 50 | CN10: =+CH10+1 -> 1 | CO10: WEEK | CQ10: =+CM10+1 -> 51 | CR10: =+CL10+1 -> 1 | CS10: WEEK | CU10: =+CQ10+1 -> 52 | CV10: =+CP10+1 -> 1 | CW10: WEEK | CY10: 1 | CZ10: =+CT10+1 -> 1 | DA10: WEEK | DC10: =+CY10+1 -> 2 | DD10: =+CX10+1 -> 1 | DE10: WEEK | DG10: =+DC10+1 -> 3 | DH10: =+DB10+1 -> 1 | DI10: WEEK | DK10: =+DG10+1 -> 4 | DL10: =+DF10+1 -> 1 | DM10: WEEK | DO10: =+DK10+1 -> 5 | DP10: =+DJ10+1 -> 1 | DQ10: WEEK | DS10: 6 | DT10: =+DN10+1 -> 1 | DU10: WEEK | DW10: =+DS10+1 -> 7 | DX10: =+DR10+1 -> 1 | DY10: WEEK | EA10: =+DW10+1 -> 8 | EB10: =+DV10+1 -> 1 | EC10: WEEK | EE10: =+EA10+1 -> 9 | EF10: =+DZ10+1 -> 1 | EG10: WEEK | EI10: 10 | EJ10: =+ED10+1 -> 1 | EK10: WEEK | EM10: 12 | EN10: =+EH10+1 -> 1 | EO10: WEEK | EQ10: =+EM10+1 -> 13 | ER10: =+EL10+1 -> 1 | ES10: WEEK | EU10: =+EQ10+1 -> 14 | EV10: =+EP10+1 -> 1
J11: SISA HARI AKTIF | L11: 0 | M11: SISA HARI AKTIF | O11: 0 | P11: SISA HARI AKTIF | R11: 0 | S11: SISA HARI AKTIF | U11: =+X11 -> 5.7 | V11: SISA HARI AKTIF | X11: 5.7 | Y11: =X11 -> 5.7 | Z11: SISA HARI AKTIF | AB11: 5.7 | AC11: =AB11 -> 5.7 | AD11: SISA HARI AKTIF | AF11: 5.7 | AG11: =AF11 -> 5.7 | AH11: SISA HARI AKTIF | AJ11: 5.7 | AK11: =AJ11 -> 5.7 | AL11: SISA HARI AKTIF | AN11: 5.7 | AO11: =AN11 -> 5.7 | AP11: SISA HARI AKTIF | AR11: 5.7 | AS11: =AR11 -> 5.7 | AT11: SISA HARI AKTIF | AV11: 5.7 | AW11: =AV11 -> 5.7 | AX11: SISA HARI AKTIF | AZ11: 5.7 | BA11: =AZ11 -> 5.7 | BB11: SISA HARI AKTIF | BD11: 5.7 | BE11: =BD11 -> 5.7 | BI11: SISA HARI AKTIF | BK11: 5.7 | BL11: =BK11 -> 5.7 | BM11: SISA HARI AKTIF | BO11: 5.7 | BP11: =BO11 -> 5.7 | BQ11: SISA HARI AKTIF | BS11: 5.7 | BT11: =BS11 -> 5.7 | BU11: SISA HARI AKTIF | BW11: 5.7 | BX11: =BW11 -> 5.7 | BY11: SISA HARI AKTIF | CA11: 5.7 | CB11: =CA11 -> 5.7 | CC11: SISA HARI AKTIF | CE11: 5.7 | CF11: =CE11 -> 5.7 | CG11: SISA HARI AKTIF | CI11: 5.7 | CJ11: =CI11 -> 5.7 | CK11: SISA HARI AKTIF | CM11: 5.7 | CN11: =CM11 -> 5.7 | CO11: SISA HARI AKTIF | CQ11: 5.7 | CR11: =CQ11 -> 5.7 | CS11: SISA HARI AKTIF | CU11: 4.7 | CV11: =CU11 -> 4.7 | CW11: SISA HARI AKTIF | CY11: 4.7 | CZ11: =CY11 -> 4.7 | DA11: SISA HARI AKTIF | DC11: 5.7 | DD11: =DC11 -> 5.7 | DE11: SISA HARI AKTIF | DG11: 5.7 | DH11: =DG11 -> 5.7 | DI11: SISA HARI AKTIF | DK11: 5.7 | DL11: =DK11 -> 5.7 | DM11: SISA HARI AKTIF | DO11: 5.7 | DP11: =DO11 -> 5.7 | DQ11: SISA HARI AKTIF | DS11: 4.7 | DT11: =DS11 -> 4.7 | DU11: SISA HARI AKTIF | DW11: 5.7 | DX11: =DW11 -> 5.7 | DY11: SISA HARI AKTIF | EA11: 5.7 | EB11: =EA11 -> 5.7 | EC11: SISA HARI AKTIF | EE11: 5.7 | EF11: =EE11 -> 5.7 | EG11: SISA HARI AKTIF | EI11: 5.7 | EJ11: =EI11 -> 5.7 | EK11: SISA HARI AKTIF | EM11: 5.7 | EN11: =EM11 -> 5.7 | EO11: SISA HARI AKTIF | EQ11: 4.7 | ER11: =EQ11 -> 4.7 | ES11: SISA HARI AKTIF | EU11: 5.7 | EV11: =EU11 -> 5.7
J12: QUANTITY ORDER | K12: BALANCE | L12: KEBUTUHAN MEJA | M12: QUANTITY ORDER | N12: BALANCE | O12: KEBUTUHAN MEJA | P12: QUANTITY ORDER | Q12: BALANCE | R12: KEBUTUHAN MEJA | S12: QUANTITY ORDER | T12: BALANCE | U12: KEBUTUHAN MEJA | V12: QUANTITY ORDER | W12: BALANCE | X12: KEBUTUHAN MEJA | Y12: KEBUTUHAN MEJA | Z12: QUANTITY ORDER | AA12: BALANCE | AB12: KEBUTUHAN MEJA | AC12: KEBUTUHAN MEJA | AD12: QUANTITY ORDER | AE12: BALANCE | AF12: KEBUTUHAN MEJA | AG12: KEBUTUHAN MEJA | AH12: QUANTITY ORDER | AI12: BALANCE | AJ12: KEBUTUHAN MEJA | AK12: KEBUTUHAN MEJA | AL12: QUANTITY ORDER | AM12: BALANCE | AN12: KEBUTUHAN MEJA | AO12: KEBUTUHAN MEJA | AP12: QUANTITY ORDER | AQ12: BALANCE | AR12: KEBUTUHAN MEJA | AS12: KEBUTUHAN MEJA | AT12: QUANTITY ORDER | AU12: BALANCE | AV12: KEBUTUHAN MEJA | AW12: KEBUTUHAN MEJA | AX12: QUANTITY ORDER | AY12: BALANCE | AZ12: KEBUTUHAN MEJA | BA12: KEBUTUHAN MEJA | BB12: QUANTITY ORDER | BC12: BALANCE | BD12: KEBUTUHAN MEJA | BE12: KEBUTUHAN MEJA | BI12: QUANTITY ORDER | BJ12: BALANCE | BK12: KEBUTUHAN MEJA | BL12: KEBUTUHAN MEJA | BM12: QUANTITY ORDER | BN12: BALANCE | BO12: KEBUTUHAN MEJA | BP12: KEBUTUHAN MEJA | BQ12: QUANTITY ORDER | BR12: BALANCE | BS12: KEBUTUHAN MEJA | BT12: KEBUTUHAN MEJA | BU12: QUANTITY ORDER | BV12: BALANCE | BW12: KEBUTUHAN MEJA | BX12: KEBUTUHAN MEJA | BY12: QUANTITY ORDER | BZ12: BALANCE | CA12: KEBUTUHAN MEJA | CB12: KEBUTUHAN MEJA | CC12: QUANTITY ORDER | CD12: BALANCE | CE12: KEBUTUHAN MEJA | CF12: KEBUTUHAN MEJA | CG12: QUANTITY ORDER | CH12: BALANCE | CI12: KEBUTUHAN MEJA | CJ12: KEBUTUHAN MEJA | CK12: QUANTITY ORDER | CL12: BALANCE | CM12: KEBUTUHAN MEJA | CN12: KEBUTUHAN MEJA | CO12: QUANTITY ORDER | CP12: BALANCE | CQ12: KEBUTUHAN MEJA | CR12: KEBUTUHAN MEJA | CS12: QUANTITY ORDER | CT12: BALANCE | CU12: KEBUTUHAN MEJA | CV12: KEBUTUHAN MEJA | CW12: QUANTITY ORDER | CX12: BALANCE | CY12: KEBUTUHAN MEJA | CZ12: KEBUTUHAN MEJA | DA12: QUANTITY ORDER | DB12: BALANCE | DC12: KEBUTUHAN MEJA | DD12: KEBUTUHAN MEJA | DE12: QUANTITY ORDER | DF12: BALANCE | DG12: KEBUTUHAN MEJA | DH12: KEBUTUHAN MEJA | DI12: QUANTITY ORDER | DJ12: BALANCE | DK12: KEBUTUHAN MEJA | DL12: KEBUTUHAN MEJA | DM12: QUANTITY ORDER | DN12: BALANCE | DO12: KEBUTUHAN MEJA | DP12: KEBUTUHAN MEJA | DQ12: QUANTITY ORDER | DR12: BALANCE | DS12: KEBUTUHAN MEJA | DT12: KEBUTUHAN MEJA | DU12: QUANTITY ORDER | DV12: BALANCE | DW12: KEBUTUHAN MEJA | DX12: KEBUTUHAN MEJA | DY12: QUANTITY ORDER | DZ12: BALANCE | EA12: KEBUTUHAN MEJA | EB12: KEBUTUHAN MEJA | EC12: QUANTITY ORDER | ED12: BALANCE | EE12: KEBUTUHAN MEJA | EF12: KEBUTUHAN MEJA | EG12: QUANTITY ORDER | EH12: BALANCE | EI12: KEBUTUHAN MEJA | EJ12: KEBUTUHAN MEJA | EK12: QUANTITY ORDER | EL12: BALANCE | EM12: KEBUTUHAN MEJA | EN12: KEBUTUHAN MEJA | EO12: QUANTITY ORDER | EP12: BALANCE | EQ12: KEBUTUHAN MEJA | ER12: KEBUTUHAN MEJA | ES12: QUANTITY ORDER | ET12: BALANCE | EU12: KEBUTUHAN MEJA | EV12: KEBUTUHAN MEJA
A14: 480 | B14: M'S | C14: Collar | D14: 64 | E14: 5.7 | F14: 7 | G14: 3 | H14: =+D14*E14*F14*G14 -> 7660.8 | I14: =+H14/E14 -> 1344 | J14: =SUMIFS('BLC Subcont'!$AE$7:$AE$9999, 'BLC Subcont'!$I$7:$I$9999,L$10, 'BLC Subcont'!$R$7:$R$9999,"BB480", 'BLC Subcont'!$T$7:$T$9999,"<>BB480PTN", 'BLC Subcont'!$T$7:$T$9999,"<>BB480PTG", 'BLC Subcont'!$T$7:$T$9999,"<>BB480PEO", 'BLC Subcont'!$T$7:$T$9999,"<>BB480PEN") -> 0 | K14: =SUMIFS('BLC Subcont'!$AN$7:$AN$9999, 'BLC Subcont'!$I$7:$I$9999,L$10, 'BLC Subcont'!$R$7:$R$9999,"BB480", 'BLC Subcont'!$T$7:$T$9999,"<>BB480PTN", 'BLC Subcont'!$T$7:$T$9999,"<>BB480PTG", 'BLC Subcont'!$T$7:$T$9999,"<>BB480PEO", 'BLC Subcont'!$T$7:$T$9999,"<>BB480PEN") -> 0 | L14: =IFERROR(K14/($I14*L$11),0) -> 0 | M14: =SUMIFS('BLC Subcont'!$AE$7:$AE$9999, 'BLC Subcont'!$I$7:$I$9999,O$10, 'BLC Subcont'!$R$7:$R$9999,"BB480", 'BLC Subcont'!$T$7:$T$9999,"<>BB480PTN", 'BLC Subcont'!$T$7:$T$9999,"<>BB480PTG", 'BLC Subcont'!$T$7:$T$9999,"<>BB480PEO", 'BLC Subcont'!$T$7:$T$9999,"<>BB480PEN") -> 0 | N14: =SUMIFS('BLC Subcont'!$AN$7:$AN$9999, 'BLC Subcont'!$I$7:$I$9999,O$10, 'BLC Subcont'!$R$7:$R$9999,"BB480", 'BLC Subcont'!$T$7:$T$9999,"<>BB480PTN", 'BLC Subcont'!$T$7:$T$9999,"<>BB480PTG", 'BLC Subcont'!$T$7:$T$9999,"<>BB480PEO", 'BLC Subcont'!$T$7:$T$9999,"<>BB480PEN") -> 0 | O14: =IFERROR(N14/($I14*O$11),0) -> 0 | P14: =SUMIFS('BLC Subcont'!$AE$7:$AE$9999, 'BLC Subcont'!$I$7:$I$9999,R$10, 'BLC Subcont'!$R$7:$R$9999,"BB480", 'BLC Subcont'!$T$7:$T$9999,"<>BB480PTN", 'BLC Subcont'!$T$7:$T$9999,"<>BB480PTG", 'BLC Subcont'!$T$7:$T$9999,"<>BB480PEO", 'BLC Subcont'!$T$7:$T$9999,"<>BB480PEN") -> 0 | Q14: =SUMIFS('BLC Subcont'!$AN$7:$AN$9999, 'BLC Subcont'!$I$7:$I$9999,R$10, 'BLC Subcont'!$R$7:$R$9999,"BB480", 'BLC Subcont'!$T$7:$T$9999,"<>BB480PTN", 'BLC Subcont'!$T$7:$T$9999,"<>BB480PTG", 'BLC Subcont'!$T$7:$T$9999,"<>BB480PEO", 'BLC Subcont'!$T$7:$T$9999,"<>BB480PEN") -> 0 | R14: =IFERROR(Q14/($I14*R$11),0) -> 0 | S14: =SUMIFS('BLC Subcont'!$AE$7:$AE$9999, 'BLC Subcont'!$I$7:$I$9999,U$10, 'BLC Subcont'!$R$7:$R$9999,"BB480", 'BLC Subcont'!$T$7:$T$9999,"<>BB480PTN", 'BLC Subcont'!$T$7:$T$9999,"<>BB480PTG", 'BLC Subcont'!$T$7:$T$9999,"<>BB480PEO", 'BLC Subcont'!$T$7:$T$9999,"<>BB480PEN") -> 0 | T14: =SUMIFS('BLC Subcont'!$AN$7:$AN$9999, 'BLC Subcont'!$I$7:$I$9999,U$10, 'BLC Subcont'!$R$7:$R$9999,"BB480", 'BLC Subcont'!$T$7:$T$9999,"<>BB480PTN", 'BLC Subcont'!$T$7:$T$9999,"<>BB480PTG", 'BLC Subcont'!$T$7:$T$9999,"<>BB480PEO", 'BLC Subcont'!$T$7:$T$9999,"<>BB480PEN") -> 0 | U14: =IFERROR(T14/($I14*U$11),0) -> 0 | V14: =SUM(S14,P14,M14,J14) -> 0 | W14: =+SUM(T14,Q14,N14,K14) -> 0 | X14: =IFERROR(W14/($I14*X$11),0) -> 0 | Y14: =IF(X14=0,0,INT(X14)+IF(MOD(X14,1)<0.5,0.5,1)) -> 0 | Z14: =SUMIFS('BLC Subcont'!$AE$7:$AE$9999, 'BLC Subcont'!$I$7:$I$9999,AB$10, 'BLC Subcont'!$R$7:$R$9999,"BB480", 'BLC Subcont'!$T$7:$T$9999,"<>BB480PTN", 'BLC Subcont'!$T$7:$T$9999,"<>BB480PTG", 'BLC Subcont'!$T$7:$T$9999,"<>BB480PEO", 'BLC Subcont'!$T$7:$T$9999,"<>BB480PEN") -> 0 | AA14: =SUMIFS('BLC Subcont'!$AN$7:$AN$9999, 'BLC Subcont'!$I$7:$I$9999,AB$10, 'BLC Subcont'!$R$7:$R$9999,"BB480", 'BLC Subcont'!$T$7:$T$9999,"<>BB480PTN", 'BLC Subcont'!$T$7:$T$9999,"<>BB480PTG", 'BLC Subcont'!$T$7:$T$9999,"<>BB480PEO", 'BLC Subcont'!$T$7:$T$9999,"<>BB480PEN") -> 0 | AB14: =IFERROR(AA14/($I14*AB$11),0) -> 0 | AC14: =IF(AB14=0,0,INT(AB14)+IF(MOD(AB14,1)<0.5,0.5,1)) -> 0 | AD14: =SUMIFS('BLC Subcont'!$AE$7:$AE$9999, 'BLC Subcont'!$I$7:$I$9999,AF$10, 'BLC Subcont'!$R$7:$R$9999,"BB480", 'BLC Subcont'!$T$7:$T$9999,"<>BB480PTN", 'BLC Subcont'!$T$7:$T$9999,"<>BB480PTG", 'BLC Subcont'!$T$7:$T$9999,"<>BB480PEO", 'BLC Subcont'!$T$7:$T$9999,"<>BB480PEN") -> 0 | AE14: =SUMIFS('BLC Subcont'!$AN$7:$AN$9999, 'BLC Subcont'!$I$7:$I$9999,AF$10, 'BLC Subcont'!$R$7:$R$9999,"BB480", 'BLC Subcont'!$T$7:$T$9999,"<>BB480PTN", 'BLC Subcont'!$T$7:$T$9999,"<>BB480PTG", 'BLC Subcont'!$T$7:$T$9999,"<>BB480PEO", 'BLC Subcont'!$T$7:$T$9999,"<>BB480PEN") -> 0 | AF14: =IFERROR(AE14/($I14*AF$11),0) -> 0 | AG14: =IF(AF14=0,0,INT(AF14)+IF(MOD(AF14,1)<0.5,0.5,1)) -> 0 | AH14: =SUMIFS('BLC Subcont'!$AE$7:$AE$9999, 'BLC Subcont'!$I$7:$I$9999,AJ$10, 'BLC Subcont'!$R$7:$R$9999,"BB480", 'BLC Subcont'!$T$7:$T$9999,"<>BB480PTN", 'BLC Subcont'!$T$7:$T$9999,"<>BB480PTG", 'BLC Subcont'!$T$7:$T$9999,"<>BB480PEO", 'BLC Subcont'!$T$7:$T$9999,"<>BB480PEN") -> 0 | AI14: =SUMIFS('BLC Subcont'!$AN$7:$AN$9999, 'BLC Subcont'!$I$7:$I$9999,AJ$10, 'BLC Subcont'!$R$7:$R$9999,"BB480", 'BLC Subcont'!$T$7:$T$9999,"<>BB480PTN", 'BLC Subcont'!$T$7:$T$9999,"<>BB480PTG", 'BLC Subcont'!$T$7:$T$9999,"<>BB480PEO", 'BLC Subcont'!$T$7:$T$9999,"<>BB480PEN") -> 0 | AJ14: =IFERROR(AI14/($I14*AJ$11),0) -> 0 | AK14: =IF(AJ14=0,0,INT(AJ14)+IF(MOD(AJ14,1)<0.5,0.5,1)) -> 0 | AL14: =SUMIFS('BLC Subcont'!$AE$7:$AE$9999, 'BLC Subcont'!$I$7:$I$9999,AN$10, 'BLC Subcont'!$R$7:$R$9999,"BB480", 'BLC Subcont'!$T$7:$T$9999,"<>BB480PTN", 'BLC Subcont'!$T$7:$T$9999,"<>BB480PTG", 'BLC Subcont'!$T$7:$T$9999,"<>BB480PEO", 'BLC Subcont'!$T$7:$T$9999,"<>BB480PEN") -> 0 | AM14: =SUMIFS('BLC Subcont'!$AN$7:$AN$9999, 'BLC Subcont'!$I$7:$I$9999,AN$10, 'BLC Subcont'!$R$7:$R$9999,"BB480", 'BLC Subcont'!$T$7:$T$9999,"<>BB480PTN", 'BLC Subcont'!$T$7:$T$9999,"<>BB480PTG", 'BLC Subcont'!$T$7:$T$9999,"<>BB480PEO", 'BLC Subcont'!$T$7:$T$9999,"<>BB480PEN") -> 0 | AN14: =IFERROR(AM14/($I14*AN$11),0) -> 0 | AO14: =IF(AN14=0,0,INT(AN14)+IF(MOD(AN14,1)<0.5,0.5,1)) -> 0 | AP14: =SUMIFS('BLC Subcont'!$AE$7:$AE$9999, 'BLC Subcont'!$I$7:$I$9999,AR$10, 'BLC Subcont'!$R$7:$R$9999,"BB480", 'BLC Subcont'!$T$7:$T$9999,"<>BB480PTN", 'BLC Subcont'!$T$7:$T$9999,"<>BB480PTG", 'BLC Subcont'!$T$7:$T$9999,"<>BB480PEO", 'BLC Subcont'!$T$7:$T$9999,"<>BB480PEN") -> 0 | AQ14: =SUMIFS('BLC Subcont'!$AN$7:$AN$9999, 'BLC Subcont'!$I$7:$I$9999,AR$10, 'BLC Subcont'!$R$7:$R$9999,"BB480", 'BLC Subcont'!$T$7:$T$9999,"<>BB480PTN", 'BLC Subcont'!$T$7:$T$9999,"<>BB480PTG", 'BLC Subcont'!$T$7:$T$9999,"<>BB480PEO", 'BLC Subcont'!$T$7:$T$9999,"<>BB480PEN") -> 0 | AR14: =IFERROR(AQ14/($I14*AR$11),0) -> 0 | AS14: =IF(AR14=0,0,INT(AR14)+IF(MOD(AR14,1)<0.5,0.5,1)) -> 0 | AT14: =SUMIFS('BLC Subcont'!$AE$7:$AE$9999, 'BLC Subcont'!$I$7:$I$9999,AV$10, 'BLC Subcont'!$R$7:$R$9999,"BB480", 'BLC Subcont'!$T$7:$T$9999,"<>BB480PTN", 'BLC Subcont'!$T$7:$T$9999,"<>BB480PTG", 'BLC Subcont'!$T$7:$T$9999,"<>BB480PEO", 'BLC Subcont'!$T$7:$T$9999,"<>BB480PEN") -> 0 | AU14: =SUMIFS('BLC Subcont'!$AN$7:$AN$9999, 'BLC Subcont'!$I$7:$I$9999,AV$10, 'BLC Subcont'!$R$7:$R$9999,"BB480", 'BLC Subcont'!$T$7:$T$9999,"<>BB480PTN", 'BLC Subcont'!$T$7:$T$9999,"<>BB480PTG", 'BLC Subcont'!$T$7:$T$9999,"<>BB480PEO", 'BLC Subcont'!$T$7:$T$9999,"<>BB480PEN") -> 0 | AV14: =IFERROR(AU14/($I14*AV$11),0) -> 0 | AW14: =IF(AV14=0,0,INT(AV14)+IF(MOD(AV14,1)<0.5,0.5,1)) -> 0 | AX14: =SUMIFS('BLC Subcont'!$AE$7:$AE$9999, 'BLC Subcont'!$I$7:$I$9999,AZ$10, 'BLC Subcont'!$R$7:$R$9999,"BB480", 'BLC Subcont'!$T$7:$T$9999,"<>BB480PTN", 'BLC Subcont'!$T$7:$T$9999,"<>BB480PTG", 'BLC Subcont'!$T$7:$T$9999,"<>BB480PEO", 'BLC Subcont'!$T$7:$T$9999,"<>BB480PEN") -> 0 | AY14: =SUMIFS('BLC Subcont'!$AN$7:$AN$9999, 'BLC Subcont'!$I$7:$I$9999,AZ$10, 'BLC Subcont'!$R$7:$R$9999,"BB480", 'BLC Subcont'!$T$7:$T$9999,"<>BB480PTN", 'BLC Subcont'!$T$7:$T$9999,"<>BB480PTG", 'BLC Subcont'!$T$7:$T$9999,"<>BB480PEO", 'BLC Subcont'!$T$7:$T$9999,"<>BB480PEN") -> 0 | AZ14: =IFERROR(AY14/($I14*AZ$11),0) -> 0 | BA14: =IF(AZ14=0,0,INT(AZ14)+IF(MOD(AZ14,1)<0.5,0.5,1)) -> 0 | BB14: =SUMIFS('BLC Subcont'!$AE$7:$AE$9999, 'BLC Subcont'!$I$7:$I$9999,BD$10, 'BLC Subcont'!$R$7:$R$9999,"BB480", 'BLC Subcont'!$T$7:$T$9999,"<>BB480PTN", 'BLC Subcont'!$T$7:$T$9999,"<>BB480PTG", 'BLC Subcont'!$T$7:$T$9999,"<>BB480PEO", 'BLC Subcont'!$T$7:$T$9999,"<>BB480PEN") -> 0 | BC14: =SUMIFS('BLC Subcont'!$AN$7:$AN$9999, 'BLC Subcont'!$I$7:$I$9999,BD$10, 'BLC Subcont'!$R$7:$R$9999,"BB480", 'BLC Subcont'!$T$7:$T$9999,"<>BB480PTN", 'BLC Subcont'!$T$7:$T$9999,"<>BB480PTG", 'BLC Subcont'!$T$7:$T$9999,"<>BB480PEO", 'BLC Subcont'!$T$7:$T$9999,"<>BB480PEN") -> 0 | BD14: =IFERROR(BC14/($I14*BD$11),0) -> 0 | BE14: =IF(BD14=0,0,INT(BD14)+IF(MOD(BD14,1)<0.5,0.5,1)) -> 0 | BI14: =AT14+BQ14 -> 0 | BJ14: =AU14+BR14 -> 0 | BK14: =IFERROR(BJ14/($I14*BK$11),0) -> 0 | BL14: =IF(BK14=0,0,INT(BK14)+IF(MOD(BK14,1)<0.5,0.5,1)) -> 0 | BM14: =AX14+BU14 -> 0 | BN14: =AY14+BV14 -> 0 | BO14: =IFERROR(BN14/($I14*BO$11),0) -> 0 | BP14: =IF(BO14=0,0,INT(BO14)+IF(MOD(BO14,1)<0.5,0.5,1)) -> 0 | BS14: =IFERROR(BR14/($I14*BS$11),0) -> 0 | BT14: =IF(BS14=0,0,INT(BS14)+IF(MOD(BS14,1)<0.5,0.5,1)) -> 0 | BW14: =IFERROR(BV14/($I14*BW$11),0) -> 0 | BX14: =IF(BW14=0,0,INT(BW14)+IF(MOD(BW14,1)<0.5,0.5,1)) -> 0 | CA14: =IFERROR(BZ14/($I14*CA$11),0) -> 0 | CB14: =IF(CA14=0,0,INT(CA14)+IF(MOD(CA14,1)<0.5,0.5,1)) -> 0 | CE14: =IFERROR(CD14/($I14*CE$11),0) -> 0 | CF14: =IF(CE14=0,0,INT(CE14)+IF(MOD(CE14,1)<0.5,0.5,1)) -> 0 | CI14: =IFERROR(CH14/($I14*CI$11),0) -> 0 | CJ14: =IF(CI14=0,0,INT(CI14)+IF(MOD(CI14,1)<0.5,0.5,1)) -> 0 | CM14: =IFERROR(CL14/($I14*CM$11),0) -> 0 | CN14: =IF(CM14=0,0,INT(CM14)+IF(MOD(CM14,1)<0.5,0.5,1)) -> 0 | CQ14: =IFERROR(CP14/($I14*CQ$11),0) -> 0 | CR14: =IF(CQ14=0,0,INT(CQ14)+IF(MOD(CQ14,1)<0.5,0.5,1)) -> 0 | CU14: =IFERROR(CT14/($I14*CU$11),0) -> 0 | CV14: =IF(CU14=0,0,INT(CU14)+IF(MOD(CU14,1)<0.5,0.5,1)) -> 0 | CY14: =IFERROR(CX14/($I14*CY$11),0) -> 0 | CZ14: =IF(CY14=0,0,INT(CY14)+IF(MOD(CY14,1)<0.5,0.5,1)) -> 0 | DC14: =IFERROR(DB14/($I14*DC$11),0) -> 0 | DD14: =IF(DC14=0,0,INT(DC14)+IF(MOD(DC14,1)<0.5,0.5,1)) -> 0 | DG14: =IFERROR(DF14/($I14*DG$11),0) -> 0 | DH14: =IF(DG14=0,0,INT(DG14)+IF(MOD(DG14,1)<0.5,0.5,1)) -> 0 | DK14: =IFERROR(DJ14/($I14*DK$11),0) -> 0 | DL14: =IF(DK14=0,0,INT(DK14)+IF(MOD(DK14,1)<0.5,0.5,1)) -> 0 | DO14: =IFERROR(DN14/($I14*DO$11),0) -> 0 | DP14: =IF(DO14=0,0,INT(DO14)+IF(MOD(DO14,1)<0.5,0.5,1)) -> 0 | DS14: =IFERROR(DR14/($I14*DS$11),0) -> 0 | DT14: =IF(DS14=0,0,INT(DS14)+IF(MOD(DS14,1)<0.5,0.5,1)) -> 0 | DW14: =IFERROR(DV14/($I14*DW$11),0) -> 0 | DX14: =IF(DW14=0,0,INT(DW14)+IF(MOD(DW14,1)<0.5,0.5,1)) -> 0 | EA14: =IFERROR(DZ14/($I14*EA$11),0) -> 0 | EB14: =IF(EA14=0,0,INT(EA14)+IF(MOD(EA14,1)<0.5,0.5,1)) -> 0 | EE14: =IFERROR(ED14/($I14*EE$11),0) -> 0 | EF14: =IF(EE14=0,0,INT(EE14)+IF(MOD(EE14,1)<0.5,0.5,1)) -> 0 | EI14: =IFERROR(EH14/($I14*EI$11),0) -> 0 | EJ14: =IF(EI14=0,0,INT(EI14)+IF(MOD(EI14,1)<0.5,0.5,1)) -> 0 | EM14: =IFERROR(EL14/($I14*EM$11),0) -> 0 | EN14: =IF(EM14=0,0,INT(EM14)+IF(MOD(EM14,1)<0.5,0.5,1)) -> 0 | EQ14: =IFERROR(EP14/($I14*EQ$11),0) -> 0 | ER14: =IF(EQ14=0,0,INT(EQ14)+IF(MOD(EQ14,1)<0.5,0.5,1)) -> 0 | EU14: =IFERROR(ET14/($I14*EU$11),0) -> 0 | EV14: =IF(EU14=0,0,INT(EU14)+IF(MOD(EU14,1)<0.5,0.5,1)) -> 0
A15: 480 | B15: KIDS | C15: Collar | D15: 64 | E15: 5.7 | F15: 7 | G15: 3 | H15: =+D15*E15*F15*G15 -> 7660.8 | I15: =+H15/E15 -> 1344 | J15: {=SUM(SUMIFS( 'BLC Subcont'!$AE:$AE, 'BLC Subcont'!$I:$I,L$10, 'BLC Subcont'!$R:$R,{"GS*480";"PS*480";"IS*480"} ))} -> 1206 | K15: {=SUM(SUMIFS( 'BLC Subcont'!$AN:$AN, 'BLC Subcont'!$I:$I,L$10, 'BLC Subcont'!$R:$R,{"GS*480";"PS*480";"IS*480"} ))} -> 0 | L15: =IFERROR(K15/($I15*L$11),0) -> 0 | M15: {=SUM(SUMIFS( 'BLC Subcont'!$AE:$AE, 'BLC Subcont'!$I:$I,O$10, 'BLC Subcont'!$R:$R,{"GS*480";"PS*480";"IS*480"} ))} -> 4980 | N15: {=SUM(SUMIFS( 'BLC Subcont'!$AN:$AN, 'BLC Subcont'!$I:$I,O$10, 'BLC Subcont'!$R:$R,{"GS*480";"PS*480";"IS*480"} ))} -> 0 | O15: =IFERROR(N15/($I15*O$11),0) -> 0 | P15: {=SUM(SUMIFS( 'BLC Subcont'!$AE:$AE, 'BLC Subcont'!$I:$I,R$10, 'BLC Subcont'!$R:$R,{"GS*480";"PS*480";"IS*480"} ))} -> 3444 | Q15: {=SUM(SUMIFS( 'BLC Subcont'!$AN:$AN, 'BLC Subcont'!$I:$I,R$10, 'BLC Subcont'!$R:$R,{"GS*480";"PS*480";"IS*480"} ))} -> 0 | R15: =IFERROR(Q15/($I15*R$11),0) -> 0 | S15: {=SUM(SUMIFS( 'BLC Subcont'!$AE:$AE, 'BLC Subcont'!$I:$I,U$10, 'BLC Subcont'!$R:$R,{"GS*480";"PS*480";"IS*480"} ))} -> 0 | T15: {=SUM(SUMIFS( 'BLC Subcont'!$AN:$AN, 'BLC Subcont'!$I:$I,U$10, 'BLC Subcont'!$R:$R,{"GS*480";"PS*480";"IS*480"} ))} -> 0 | U15: =IFERROR(T15/($I15*U$11),0) -> 0 | V15: =SUM(S15,P15,M15,J15) -> 9630 | W15: =+SUM(T15,Q15,N15,K15) -> 0 | X15: =IFERROR(W15/($I15*X$11),0) -> 0 | Y15: =IF(X15=0,0,INT(X15)+IF(MOD(X15,1)<0.5,0.5,1)) -> 0 | Z15: {=SUM(SUMIFS( 'BLC Subcont'!$AE:$AE, 'BLC Subcont'!$I:$I,AB$10, 'BLC Subcont'!$R:$R,{"GS*480";"PS*480";"IS*480"} ))} -> 1572 | AA15: {=SUM(SUMIFS( 'BLC Subcont'!$AN:$AN, 'BLC Subcont'!$I:$I,AB$10, 'BLC Subcont'!$R:$R,{"GS*480";"PS*480";"IS*480"} ))} -> 1572 | AB15: =IFERROR(AA15/($I15*AB$11),0) -> 0.2052005 | AC15: =IF(AB15=0,0,INT(AB15)+IF(MOD(AB15,1)<0.5,0.5,1)) -> 0.5 | AD15: {=SUM(SUMIFS( 'BLC Subcont'!$AE:$AE, 'BLC Subcont'!$I:$I,AF$10, 'BLC Subcont'!$R:$R,{"GS*480";"PS*480";"IS*480"} ))} -> 0 | AE15: {=SUM(SUMIFS( 'BLC Subcont'!$AN:$AN, 'BLC Subcont'!$I:$I,AF$10, 'BLC Subcont'!$R:$R,{"GS*480";"PS*480";"IS*480"} ))} -> 0 | AF15: =IFERROR(AE15/($I15*AF$11),0) -> 0 | AG15: =IF(AF15=0,0,INT(AF15)+IF(MOD(AF15,1)<0.5,0.5,1)) -> 0 | AH15: {=SUM(SUMIFS( 'BLC Subcont'!$AE:$AE, 'BLC Subcont'!$I:$I,AJ$10, 'BLC Subcont'!$R:$R,{"GS*480";"PS*480";"IS*480"} ))} -> 0 | AI15: {=SUM(SUMIFS( 'BLC Subcont'!$AN:$AN, 'BLC Subcont'!$I:$I,AJ$10, 'BLC Subcont'!$R:$R,{"GS*480";"PS*480";"IS*480"} ))} -> 0 | AJ15: =IFERROR(AI15/($I15*AJ$11),0) -> 0 | AK15: =IF(AJ15=0,0,INT(AJ15)+IF(MOD(AJ15,1)<0.5,0.5,1)) -> 0 | AL15: {=SUM(SUMIFS( 'BLC Subcont'!$AE:$AE, 'BLC Subcont'!$I:$I,AN$10, 'BLC Subcont'!$R:$R,{"GS*480";"PS*480";"IS*480"} ))} -> 0 | AM15: {=SUM(SUMIFS( 'BLC Subcont'!$AN:$AN, 'BLC Subcont'!$I:$I,AN$10, 'BLC Subcont'!$R:$R,{"GS*480";"PS*480";"IS*480"} ))} -> 0 | AN15: =IFERROR(AM15/($I15*AN$11),0) -> 0 | AO15: =IF(AN15=0,0,INT(AN15)+IF(MOD(AN15,1)<0.5,0.5,1)) -> 0 | AP15: {=SUM(SUMIFS( 'BLC Subcont'!$AE:$AE, 'BLC Subcont'!$I:$I,AR$10, 'BLC Subcont'!$R:$R,{"GS*480";"PS*480";"IS*480"} ))} -> 0 | AQ15: {=SUM(SUMIFS( 'BLC Subcont'!$AN:$AN, 'BLC Subcont'!$I:$I,AR$10, 'BLC Subcont'!$R:$R,{"GS*480";"PS*480";"IS*480"} ))} -> 0 | AR15: =IFERROR(AQ15/($I15*AR$11),0) -> 0 | AS15: =IF(AR15=0,0,INT(AR15)+IF(MOD(AR15,1)<0.5,0.5,1)) -> 0 | AT15: {=SUM(SUMIFS( 'BLC Subcont'!$AE:$AE, 'BLC Subcont'!$I:$I,AV$10, 'BLC Subcont'!$R:$R,{"GS*480";"PS*480";"IS*480"} ))} -> 0 | AU15: {=SUM(SUMIFS( 'BLC Subcont'!$AN:$AN, 'BLC Subcont'!$I:$I,AV$10, 'BLC Subcont'!$R:$R,{"GS*480";"PS*480";"IS*480"} ))} -> 0 | AV15: =IFERROR(AU15/($I15*AV$11),0) -> 0 | AW15: =IF(AV15=0,0,INT(AV15)+IF(MOD(AV15,1)<0.5,0.5,1)) -> 0 | AX15: {=SUM(SUMIFS( 'BLC Subcont'!$AE:$AE, 'BLC Subcont'!$I:$I,AZ$10, 'BLC Subcont'!$R:$R,{"GS*480";"PS*480";"IS*480"} ))} -> 0 | AY15: {=SUM(SUMIFS( 'BLC Subcont'!$AN:$AN, 'BLC Subcont'!$I:$I,AZ$10, 'BLC Subcont'!$R:$R,{"GS*480";"PS*480";"IS*480"} ))} -> 0 | AZ15: =IFERROR(AY15/($I15*AZ$11),0) -> 0 | BA15: =IF(AZ15=0,0,INT(AZ15)+IF(MOD(AZ15,1)<0.5,0.5,1)) -> 0 | BB15: {=SUM(SUMIFS( 'BLC Subcont'!$AE:$AE, 'BLC Subcont'!$I:$I,BD$10, 'BLC Subcont'!$R:$R,{"GS*480";"PS*480";"IS*480"} ))} -> 0 | BC15: {=SUM(SUMIFS( 'BLC Subcont'!$AN:$AN, 'BLC Subcont'!$I:$I,BD$10, 'BLC Subcont'!$R:$R,{"GS*480";"PS*480";"IS*480"} ))} -> 0 | BD15: =IFERROR(BC15/($I15*BD$11),0) -> 0 | BE15: =IF(BD15=0,0,INT(BD15)+IF(MOD(BD15,1)<0.5,0.5,1)) -> 0 | BI15: =AT15+BQ15 -> 411 | BJ15: =AU15+BR15 -> 411 | BK15: =IFERROR(BJ15/($I15*BK$11),0) -> 0.053649749 | BL15: =IF(BK15=0,0,INT(BK15)+IF(MOD(BK15,1)<0.5,0.5,1)) -> 0.5 | BM15: =AX15+BU15 -> 411 | BN15: =AY15+BV15 -> 411 | BO15: =IFERROR(BN15/($I15*BO$11),0) -> 0.053649749 | BP15: =IF(BO15=0,0,INT(BO15)+IF(MOD(BO15,1)<0.5,0.5,1)) -> 0.5 | BQ15: =SUMIFS(RCCP!$HX$8:$HX$136, RCCP!$A$8:$A$136,$A15, RCCP!$C$8:$C$136,"<>Unisex", RCCP!$C$8:$C$136,"<>Men'S") + (SUMIFS(RCCP!$IC$8:$IC$136, RCCP!$A$8:$A$136,$A15, RCCP!$C$8:$C$136,"<>Unisex", RCCP!$C$8:$C$136,"<>Men'S")/4) -> 411 | BR15: =SUMIFS(RCCP!$HX$8:$HX$136, RCCP!$A$8:$A$136,$A15, RCCP!$C$8:$C$136,"<>Unisex", RCCP!$C$8:$C$136,"<>Men'S") + (SUMIFS(RCCP!$IC$8:$IC$136, RCCP!$A$8:$A$136,$A15, RCCP!$C$8:$C$136,"<>Unisex", RCCP!$C$8:$C$136,"<>Men'S")/4) -> 411 | BS15: =IFERROR(BR15/($I15*BS$11),0) -> 0.053649749 | BT15: =IF(BS15=0,0,INT(BS15)+IF(MOD(BS15,1)<0.5,0.5,1)) -> 0.5 | BU15: =SUMIFS(RCCP!$HY$8:$HY$136, RCCP!$A$8:$A$136,$A15, RCCP!$C$8:$C$136,"<>Unisex", RCCP!$C$8:$C$136,"<>Men'S") + (SUMIFS(RCCP!$IC$8:$IC$136, RCCP!$A$8:$A$136,$A15, RCCP!$C$8:$C$136,"<>Unisex", RCCP!$C$8:$C$136,"<>Men'S")/4) -> 411 | BV15: =SUMIFS(RCCP!$HY$8:$HY$136, RCCP!$A$8:$A$136,$A15, RCCP!$C$8:$C$136,"<>Unisex", RCCP!$C$8:$C$136,"<>Men'S") + (SUMIFS(RCCP!$IC$8:$IC$136, RCCP!$A$8:$A$136,$A15, RCCP!$C$8:$C$136,"<>Unisex", RCCP!$C$8:$C$136,"<>Men'S")/4) -> 411 | BW15: =IFERROR(BV15/($I15*BW$11),0) -> 0.053649749 | BX15: =IF(BW15=0,0,INT(BW15)+IF(MOD(BW15,1)<0.5,0.5,1)) -> 0.5 | BY15: =SUMIFS(RCCP!$HZ$8:$HZ$136, RCCP!$A$8:$A$136,$A15, RCCP!$C$8:$C$136,"<>Unisex", RCCP!$C$8:$C$136,"<>Men'S") + (SUMIFS(RCCP!$IC$8:$IC$136, RCCP!$A$8:$A$136,$A15, RCCP!$C$8:$C$136,"<>Unisex", RCCP!$C$8:$C$136,"<>Men'S")/4) -> 411 | BZ15: =SUMIFS(RCCP!$HZ$8:$HZ$136, RCCP!$A$8:$A$136,$A15, RCCP!$C$8:$C$136,"<>Unisex", RCCP!$C$8:$C$136,"<>Men'S") + (SUMIFS(RCCP!$IC$8:$IC$136, RCCP!$A$8:$A$136,$A15, RCCP!$C$8:$C$136,"<>Unisex", RCCP!$C$8:$C$136,"<>Men'S")/4) -> 411 | CA15: =IFERROR(BZ15/($I15*CA$11),0) -> 0.053649749 | CB15: =IF(CA15=0,0,INT(CA15)+IF(MOD(CA15,1)<0.5,0.5,1)) -> 0.5 | CC15: =SUMIFS(RCCP!$IA$8:$IA$136, RCCP!$A$8:$A$136,$A15, RCCP!$C$8:$C$136,"<>Unisex", RCCP!$C$8:$C$136,"<>Men'S") + (SUMIFS(RCCP!$IC$8:$IC$136, RCCP!$A$8:$A$136,$A15, RCCP!$C$8:$C$136,"<>Unisex", RCCP!$C$8:$C$136,"<>Men'S")/4) -> 411 | CD15: =SUMIFS(RCCP!$IA$8:$IA$136, RCCP!$A$8:$A$136,$A15, RCCP!$C$8:$C$136,"<>Unisex", RCCP!$C$8:$C$136,"<>Men'S") + (SUMIFS(RCCP!$IC$8:$IC$136, RCCP!$A$8:$A$136,$A15, RCCP!$C$8:$C$136,"<>Unisex", RCCP!$C$8:$C$136,"<>Men'S")/4) -> 411 | CE15: =IFERROR(CD15/($I15*CE$11),0) -> 0.053649749 | CF15: =IF(CE15=0,0,INT(CE15)+IF(MOD(CE15,1)<0.5,0.5,1)) -> 0.5 | CG15: =SUMIFS(RCCP!$IF$8:$IF$136, RCCP!$A$8:$A$136,$A15, RCCP!$C$8:$C$136,"<>Unisex", RCCP!$C$8:$C$136,"<>Men'S") + (SUMIFS(RCCP!$IK$8:$IK$136, RCCP!$A$8:$A$136,$A15, RCCP!$C$8:$C$136,"<>Unisex", RCCP!$C$8:$C$136,"<>Men'S")/4) -> 51 | CH15: =SUMIFS(RCCP!$IF$8:$IF$136, RCCP!$A$8:$A$136,$A15, RCCP!$C$8:$C$136,"<>Unisex", RCCP!$C$8:$C$136,"<>Men'S") + (SUMIFS(RCCP!$IK$8:$IK$136, RCCP!$A$8:$A$136,$A15, RCCP!$C$8:$C$136,"<>Unisex", RCCP!$C$8:$C$136,"<>Men'S")/4) -> 51 | CI15: =IFERROR(CH15/($I15*CI$11),0) -> 0.0066572682 | CJ15: =IF(CI15=0,0,INT(CI15)+IF(MOD(CI15,1)<0.5,0.5,1)) -> 0.5 | CK15: =SUMIFS(RCCP!$IG$8:$IG$136, RCCP!$A$8:$A$136,$A15, RCCP!$C$8:$C$136,"<>Unisex", RCCP!$C$8:$C$136,"<>Men'S") + (SUMIFS(RCCP!$IK$8:$IK$136, RCCP!$A$8:$A$136,$A15, RCCP!$C$8:$C$136,"<>Unisex", RCCP!$C$8:$C$136,"<>Men'S")/4) -> 51 | CL15: =SUMIFS(RCCP!$IG$8:$IG$136, RCCP!$A$8:$A$136,$A15, RCCP!$C$8:$C$136,"<>Unisex", RCCP!$C$8:$C$136,"<>Men'S") + (SUMIFS(RCCP!$IK$8:$IK$136, RCCP!$A$8:$A$136,$A15, RCCP!$C$8:$C$136,"<>Unisex", RCCP!$C$8:$C$136,"<>Men'S")/4) -> 51 | CM15: =IFERROR(CL15/($I15*CM$11),0) -> 0.0066572682 | CN15: =IF(CM15=0,0,INT(CM15)+IF(MOD(CM15,1)<0.5,0.5,1)) -> 0.5 | CO15: =SUMIFS(RCCP!$IH$8:$IH$136, RCCP!$A$8:$A$136,$A15, RCCP!$C$8:$C$136,"<>Unisex", RCCP!$C$8:$C$136,"<>Men'S") + (SUMIFS(RCCP!$IK$8:$IK$136, RCCP!$A$8:$A$136,$A15, RCCP!$C$8:$C$136,"<>Unisex", RCCP!$C$8:$C$136,"<>Men'S")/4) -> 51 | CP15: =SUMIFS(RCCP!$IH$8:$IH$136, RCCP!$A$8:$A$136,$A15, RCCP!$C$8:$C$136,"<>Unisex", RCCP!$C$8:$C$136,"<>Men'S") + (SUMIFS(RCCP!$IK$8:$IK$136, RCCP!$A$8:$A$136,$A15, RCCP!$C$8:$C$136,"<>Unisex", RCCP!$C$8:$C$136,"<>Men'S")/4) -> 51 | CQ15: =IFERROR(CP15/($I15*CQ$11),0) -> 0.0066572682 | CR15: =IF(CQ15=0,0,INT(CQ15)+IF(MOD(CQ15,1)<0.5,0.5,1)) -> 0.5 | CS15: =SUMIFS(RCCP!$II$8:$II$136, RCCP!$A$8:$A$136,$A15, RCCP!$C$8:$C$136,"<>Unisex", RCCP!$C$8:$C$136,"<>Men'S") + (SUMIFS(RCCP!$IK$8:$IK$136, RCCP!$A$8:$A$136,$A15, RCCP!$C$8:$C$136,"<>Unisex", RCCP!$C$8:$C$136,"<>Men'S")/4) -> 51 | CT15: =SUMIFS(RCCP!$II$8:$II$136, RCCP!$A$8:$A$136,$A15, RCCP!$C$8:$C$136,"<>Unisex", RCCP!$C$8:$C$136,"<>Men'S") + (SUMIFS(RCCP!$IK$8:$IK$136, RCCP!$A$8:$A$136,$A15, RCCP!$C$8:$C$136,"<>Unisex", RCCP!$C$8:$C$136,"<>Men'S")/4) -> 51 | CU15: =IFERROR(CT15/($I15*CU$11),0) -> 0.0080737082 | CV15: =IF(CU15=0,0,INT(CU15)+IF(MOD(CU15,1)<0.5,0.5,1)) -> 0.5 | CW15: =SUMIFS(RCCP!$IN$8:$IN$136, RCCP!$A$8:$A$136,$A15, RCCP!$C$8:$C$136,"<>Unisex", RCCP!$C$8:$C$136,"<>Men'S") + (SUMIFS(RCCP!$IT$8:$IT$136, RCCP!$A$8:$A$136,$A15, RCCP!$C$8:$C$136,"<>Unisex", RCCP!$C$8:$C$136,"<>Men'S")/5) -> 248.4 | CX15: =SUMIFS(RCCP!$IN$8:$IN$136, RCCP!$A$8:$A$136,$A15, RCCP!$C$8:$C$136,"<>Unisex", RCCP!$C$8:$C$136,"<>Men'S") + (SUMIFS(RCCP!$IT$8:$IT$136, RCCP!$A$8:$A$136,$A15, RCCP!$C$8:$C$136,"<>Unisex", RCCP!$C$8:$C$136,"<>Men'S")/5) -> 248.4 | CY15: =IFERROR(CX15/($I15*CY$11),0) -> 0.039323708 | CZ15: =IF(CY15=0,0,INT(CY15)+IF(MOD(CY15,1)<0.5,0.5,1)) -> 0.5 | DA15: =SUMIFS(RCCP!$IO$8:$IO$136, RCCP!$A$8:$A$136,$A15, RCCP!$C$8:$C$136,"<>Unisex", RCCP!$C$8:$C$136,"<>Men'S") + (SUMIFS(RCCP!$IT$8:$IT$136, RCCP!$A$8:$A$136,$A15, RCCP!$C$8:$C$136,"<>Unisex", RCCP!$C$8:$C$136,"<>Men'S")/5) -> 248.4 | DB15: =SUMIFS(RCCP!$IO$8:$IO$136, RCCP!$A$8:$A$136,$A15, RCCP!$C$8:$C$136,"<>Unisex", RCCP!$C$8:$C$136,"<>Men'S") + (SUMIFS(RCCP!$IT$8:$IT$136, RCCP!$A$8:$A$136,$A15, RCCP!$C$8:$C$136,"<>Unisex", RCCP!$C$8:$C$136,"<>Men'S")/5) -> 248.4 | DC15: =IFERROR(DB15/($I15*DC$11),0) -> 0.032424812 | DD15: =IF(DC15=0,0,INT(DC15)+IF(MOD(DC15,1)<0.5,0.5,1)) -> 0.5 | DE15: =SUMIFS(RCCP!$IP$8:$IP$136, RCCP!$A$8:$A$136,$A15, RCCP!$C$8:$C$136,"<>Unisex", RCCP!$C$8:$C$136,"<>Men'S") + (SUMIFS(RCCP!$IT$8:$IT$136, RCCP!$A$8:$A$136,$A15, RCCP!$C$8:$C$136,"<>Unisex", RCCP!$C$8:$C$136,"<>Men'S")/5) -> 248.4 | DF15: =SUMIFS(RCCP!$IP$8:$IP$136, RCCP!$A$8:$A$136,$A15, RCCP!$C$8:$C$136,"<>Unisex", RCCP!$C$8:$C$136,"<>Men'S") + (SUMIFS(RCCP!$IT$8:$IT$136, RCCP!$A$8:$A$136,$A15, RCCP!$C$8:$C$136,"<>Unisex", RCCP!$C$8:$C$136,"<>Men'S")/5) -> 248.4 | DG15: =IFERROR(DF15/($I15*DG$11),0) -> 0.032424812 | DH15: =IF(DG15=0,0,INT(DG15)+IF(MOD(DG15,1)<0.5,0.5,1)) -> 0.5 | DI15: =SUMIFS(RCCP!$IQ$8:$IQ$136, RCCP!$A$8:$A$136,$A15, RCCP!$C$8:$C$136,"<>Unisex", RCCP!$C$8:$C$136,"<>Men'S") + (SUMIFS(RCCP!$IT$8:$IT$136, RCCP!$A$8:$A$136,$A15, RCCP!$C$8:$C$136,"<>Unisex", RCCP!$C$8:$C$136,"<>Men'S")/5) -> 248.4 | DJ15: =SUMIFS(RCCP!$IQ$8:$IQ$136, RCCP!$A$8:$A$136,$A15, RCCP!$C$8:$C$136,"<>Unisex", RCCP!$C$8:$C$136,"<>Men'S") + (SUMIFS(RCCP!$IT$8:$IT$136, RCCP!$A$8:$A$136,$A15, RCCP!$C$8:$C$136,"<>Unisex", RCCP!$C$8:$C$136,"<>Men'S")/5) -> 248.4 | DK15: =IFERROR(DJ15/($I15*DK$11),0) -> 0.032424812 | DL15: =IF(DK15=0,0,INT(DK15)+IF(MOD(DK15,1)<0.5,0.5,1)) -> 0.5 | DM15: =SUMIFS(RCCP!$IR$8:$IR$136, RCCP!$A$8:$A$136,$A15, RCCP!$C$8:$C$136,"<>Unisex", RCCP!$C$8:$C$136,"<>Men'S") + (SUMIFS(RCCP!$IT$8:$IT$136, RCCP!$A$8:$A$136,$A15, RCCP!$C$8:$C$136,"<>Unisex", RCCP!$C$8:$C$136,"<>Men'S")/5) -> 248.4 | DN15: =SUMIFS(RCCP!$IR$8:$IR$136, RCCP!$A$8:$A$136,$A15, RCCP!$C$8:$C$136,"<>Unisex", RCCP!$C$8:$C$136,"<>Men'S") + (SUMIFS(RCCP!$IT$8:$IT$136, RCCP!$A$8:$A$136,$A15, RCCP!$C$8:$C$136,"<>Unisex", RCCP!$C$8:$C$136,"<>Men'S")/5) -> 248.4 | DO15: =IFERROR(DN15/($I15*DO$11),0) -> 0.032424812 | DP15: =IF(DO15=0,0,INT(DO15)+IF(MOD(DO15,1)<0.5,0.5,1)) -> 0.5 | DQ15: =SUMIFS(RCCP!$IW$8:$IW$136, RCCP!$A$8:$A$136,$A15, RCCP!$C$8:$C$136,"<>Unisex", RCCP!$C$8:$C$136,"<>Men'S") + (SUMIFS(RCCP!$JB$8:$JB$136, RCCP!$A$8:$A$136,$A15, RCCP!$C$8:$C$136,"<>Unisex", RCCP!$C$8:$C$136,"<>Men'S")/4) -> 2524.5 | DR15: =SUMIFS(RCCP!$IW$8:$IW$136, RCCP!$A$8:$A$136,$A15, RCCP!$C$8:$C$136,"<>Unisex", RCCP!$C$8:$C$136,"<>Men'S") + (SUMIFS(RCCP!$JB$8:$JB$136, RCCP!$A$8:$A$136,$A15, RCCP!$C$8:$C$136,"<>Unisex", RCCP!$C$8:$C$136,"<>Men'S")/4) -> 2524.5 | DS15: =IFERROR(DR15/($I15*DS$11),0) -> 0.39964856 | DT15: =IF(DS15=0,0,INT(DS15)+IF(MOD(DS15,1)<0.5,0.5,1)) -> 0.5 | DU15: =SUMIFS(RCCP!$IX$8:$IX$136, RCCP!$A$8:$A$136,$A15, RCCP!$C$8:$C$136,"<>Unisex", RCCP!$C$8:$C$136,"<>Men'S") + (SUMIFS(RCCP!$JB$8:$JB$136, RCCP!$A$8:$A$136,$A15, RCCP!$C$8:$C$136,"<>Unisex", RCCP!$C$8:$C$136,"<>Men'S")/4) -> 2524.5 | DV15: =SUMIFS(RCCP!$IX$8:$IX$136, RCCP!$A$8:$A$136,$A15, RCCP!$C$8:$C$136,"<>Unisex", RCCP!$C$8:$C$136,"<>Men'S") + (SUMIFS(RCCP!$JB$8:$JB$136, RCCP!$A$8:$A$136,$A15, RCCP!$C$8:$C$136,"<>Unisex", RCCP!$C$8:$C$136,"<>Men'S")/4) -> 2524.5 | DW15: =IFERROR(DV15/($I15*DW$11),0) -> 0.32953477 | DX15: =IF(DW15=0,0,INT(DW15)+IF(MOD(DW15,1)<0.5,0.5,1)) -> 0.5 | DY15: =SUMIFS(RCCP!$IY$8:$IY$136, RCCP!$A$8:$A$136,$A15, RCCP!$C$8:$C$136,"<>Unisex", RCCP!$C$8:$C$136,"<>Men'S") + (SUMIFS(RCCP!$JB$8:$JB$136, RCCP!$A$8:$A$136,$A15, RCCP!$C$8:$C$136,"<>Unisex", RCCP!$C$8:$C$136,"<>Men'S")/4) -> 2524.5 | DZ15: =SUMIFS(RCCP!$IY$8:$IY$136, RCCP!$A$8:$A$136,$A15, RCCP!$C$8:$C$136,"<>Unisex", RCCP!$C$8:$C$136,"<>Men'S") + (SUMIFS(RCCP!$JB$8:$JB$136, RCCP!$A$8:$A$136,$A15, RCCP!$C$8:$C$136,"<>Unisex", RCCP!$C$8:$C$136,"<>Men'S")/4) -> 2524.5 | EA15: =IFERROR(DZ15/($I15*EA$11),0) -> 0.32953477 | EB15: =IF(EA15=0,0,INT(EA15)+IF(MOD(EA15,1)<0.5,0.5,1)) -> 0.5 | EC15: =SUMIFS(RCCP!$IZ$8:$IZ$136, RCCP!$A$8:$A$136,$A15, RCCP!$C$8:$C$136,"<>Unisex", RCCP!$C$8:$C$136,"<>Men'S") + (SUMIFS(RCCP!$JB$8:$JB$136, RCCP!$A$8:$A$136,$A15, RCCP!$C$8:$C$136,"<>Unisex", RCCP!$C$8:$C$136,"<>Men'S")/4) -> 2524.5 | ED15: =SUMIFS(RCCP!$IZ$8:$IZ$136, RCCP!$A$8:$A$136,$A15, RCCP!$C$8:$C$136,"<>Unisex", RCCP!$C$8:$C$136,"<>Men'S") + (SUMIFS(RCCP!$JB$8:$JB$136, RCCP!$A$8:$A$136,$A15, RCCP!$C$8:$C$136,"<>Unisex", RCCP!$C$8:$C$136,"<>Men'S")/4) -> 2524.5 | EE15: =IFERROR(ED15/($I15*EE$11),0) -> 0.32953477 | EF15: =IF(EE15=0,0,INT(EE15)+IF(MOD(EE15,1)<0.5,0.5,1)) -> 0.5 | EG15: =SUMIFS(RCCP!$JE$8:$JE$136, RCCP!$A$8:$A$136,$A15, RCCP!$C$8:$C$136,"<>Unisex", RCCP!$C$8:$C$136,"<>Men'S") + (SUMIFS(RCCP!$JJ$8:$JJ$136, RCCP!$A$8:$A$136,$A15, RCCP!$C$8:$C$136,"<>Unisex", RCCP!$C$8:$C$136,"<>Men'S")/4) -> 3201 | EH15: =SUMIFS(RCCP!$JE$8:$JE$136, RCCP!$A$8:$A$136,$A15, RCCP!$C$8:$C$136,"<>Unisex", RCCP!$C$8:$C$136,"<>Men'S") + (SUMIFS(RCCP!$JJ$8:$JJ$136, RCCP!$A$8:$A$136,$A15, RCCP!$C$8:$C$136,"<>Unisex", RCCP!$C$8:$C$136,"<>Men'S")/4) -> 3201 | EI15: =IFERROR(EH15/($I15*EI$11),0) -> 0.41784148 | EJ15: =IF(EI15=0,0,INT(EI15)+IF(MOD(EI15,1)<0.5,0.5,1)) -> 0.5 | EK15: =SUMIFS(RCCP!$JF$8:$JF$136, RCCP!$A$8:$A$136,$A15, RCCP!$C$8:$C$136,"<>Unisex", RCCP!$C$8:$C$136,"<>Men'S") + (SUMIFS(RCCP!$JJ$8:$JJ$136, RCCP!$A$8:$A$136,$A15, RCCP!$C$8:$C$136,"<>Unisex", RCCP!$C$8:$C$136,"<>Men'S")/4) -> 3201 | EL15: =SUMIFS(RCCP!$JF$8:$JF$136, RCCP!$A$8:$A$136,$A15, RCCP!$C$8:$C$136,"<>Unisex", RCCP!$C$8:$C$136,"<>Men'S") + (SUMIFS(RCCP!$JJ$8:$JJ$136, RCCP!$A$8:$A$136,$A15, RCCP!$C$8:$C$136,"<>Unisex", RCCP!$C$8:$C$136,"<>Men'S")/4) -> 3201 | EM15: =IFERROR(EL15/($I15*EM$11),0) -> 0.41784148 | EN15: =IF(EM15=0,0,INT(EM15)+IF(MOD(EM15,1)<0.5,0.5,1)) -> 0.5 | EO15: =SUMIFS(RCCP!$JG$8:$JG$136, RCCP!$A$8:$A$136,$A15, RCCP!$C$8:$C$136,"<>Unisex", RCCP!$C$8:$C$136,"<>Men'S") + (SUMIFS(RCCP!$JJ$8:$JJ$136, RCCP!$A$8:$A$136,$A15, RCCP!$C$8:$C$136,"<>Unisex", RCCP!$C$8:$C$136,"<>Men'S")/4) -> 3201 | EP15: =SUMIFS(RCCP!$JG$8:$JG$136, RCCP!$A$8:$A$136,$A15, RCCP!$C$8:$C$136,"<>Unisex", RCCP!$C$8:$C$136,"<>Men'S") + (SUMIFS(RCCP!$JJ$8:$JJ$136, RCCP!$A$8:$A$136,$A15, RCCP!$C$8:$C$136,"<>Unisex", RCCP!$C$8:$C$136,"<>Men'S")/4) -> 3201 | EQ15: =IFERROR(EP15/($I15*EQ$11),0) -> 0.50674392 | ER15: =IF(EQ15=0,0,INT(EQ15)+IF(MOD(EQ15,1)<0.5,0.5,1)) -> 1 | ES15: =SUMIFS(RCCP!$JH$8:$JH$136, RCCP!$A$8:$A$136,$A15, RCCP!$C$8:$C$136,"<>Unisex", RCCP!$C$8:$C$136,"<>Men'S") + (SUMIFS(RCCP!$JJ$8:$JJ$136, RCCP!$A$8:$A$136,$A15, RCCP!$C$8:$C$136,"<>Unisex", RCCP!$C$8:$C$136,"<>Men'S")/4) -> 3201 | ET15: =SUMIFS(RCCP!$JH$8:$JH$136, RCCP!$A$8:$A$136,$A15, RCCP!$C$8:$C$136,"<>Unisex", RCCP!$C$8:$C$136,"<>Men'S") + (SUMIFS(RCCP!$JJ$8:$JJ$136, RCCP!$A$8:$A$136,$A15, RCCP!$C$8:$C$136,"<>Unisex", RCCP!$C$8:$C$136,"<>Men'S")/4) -> 3201 | EU15: =IFERROR(ET15/($I15*EU$11),0) -> 0.41784148 | EV15: =IF(EU15=0,0,INT(EU15)+IF(MOD(EU15,1)<0.5,0.5,1)) -> 0.5
A16: 1906 | B16: Men'S | C16: Tongue olay | D16: 80 | E16: 5.7 | F16: 7 | G16: 3 | H16: =+D16*E16*F16*G16 -> 9576 | I16: =+H16/E16 -> 1680 | J16: =SUMIFS('BLC Subcont'!$AE:$AE,'BLC Subcont'!$I:$I,L$10,'BLC Subcont'!$R:$R,$A16) -> 1656 | K16: =SUMIFS('BLC Subcont'!$BA:$BA, 'BLC Subcont'!$I:$I,L$10, 'BLC Subcont'!$R:$R,$A16) -> 0 | L16: =IFERROR(K16/($I16*L$11),0) -> 0 | M16: =SUMIFS('BLC Subcont'!$AE:$AE,'BLC Subcont'!$I:$I,O$10,'BLC Subcont'!$R:$R,$A16) -> 150 | N16: =SUMIFS('BLC Subcont'!$BA:$BA, 'BLC Subcont'!$I:$I,O$10, 'BLC Subcont'!$R:$R,$A16) -> 0 | O16: =IFERROR(N16/($I16*O$11),0) -> 0 | P16: =SUMIFS('BLC Subcont'!$AE:$AE,'BLC Subcont'!$I:$I,R$10,'BLC Subcont'!$R:$R,$A16) -> 1326 | Q16: =SUMIFS('BLC Subcont'!$BA:$BA, 'BLC Subcont'!$I:$I,R$10, 'BLC Subcont'!$R:$R,$A16) -> 36 | R16: =IFERROR(Q16/($I16*R$11),0) -> 0 | S16: =SUMIFS('BLC Subcont'!$AE:$AE,'BLC Subcont'!$I:$I,U$10,'BLC Subcont'!$R:$R,$A16) -> 0 | T16: =SUMIFS('BLC Subcont'!$BA:$BA, 'BLC Subcont'!$I:$I,U$10, 'BLC Subcont'!$R:$R,$A16) -> 0 | U16: =IFERROR(T16/($I16*U$11),0) -> 0 | V16: =SUM(S16,P16,M16,J16) -> 3132 | W16: =+SUM(T16,Q16,N16,K16) -> 36 | X16: =IFERROR(W16/($I16*X$11),0) -> 0.0037593985 | Y16: =IF(X16=0,0,INT(X16)+IF(MOD(X16,1)<0.5,0.5,1)) -> 0.5 | Z16: =SUMIFS('BLC Subcont'!$AE:$AE,'BLC Subcont'!$I:$I,AB$10,'BLC Subcont'!$R:$R,$A16) -> 1560 | AA16: =SUMIFS('BLC Subcont'!$BA:$BA, 'BLC Subcont'!$I:$I,AB$10, 'BLC Subcont'!$R:$R,$A16) -> 1362 | AB16: =IFERROR(AA16/($I16*AB$11),0) -> 0.14223058 | AC16: =IF(AB16=0,0,INT(AB16)+IF(MOD(AB16,1)<0.5,0.5,1)) -> 0.5 | AD16: =SUMIFS('BLC Subcont'!$AE:$AE,'BLC Subcont'!$I:$I,AF$10,'BLC Subcont'!$R:$R,$A16) -> 0 | AE16: =SUMIFS('BLC Subcont'!$BA:$BA, 'BLC Subcont'!$I:$I,AF$10, 'BLC Subcont'!$R:$R,$A16) -> 0 | AF16: =IFERROR(AE16/($I16*AF$11),0) -> 0 | AG16: =IF(AF16=0,0,INT(AF16)+IF(MOD(AF16,1)<0.5,0.5,1)) -> 0 | AH16: =SUMIFS('BLC Subcont'!$AE:$AE,'BLC Subcont'!$I:$I,AJ$10,'BLC Subcont'!$R:$R,$A16) -> 0 | AI16: =SUMIFS('BLC Subcont'!$BA:$BA, 'BLC Subcont'!$I:$I,AJ$10, 'BLC Subcont'!$R:$R,$A16) -> 0 | AJ16: =IFERROR(AI16/($I16*AJ$11),0) -> 0 | AK16: =IF(AJ16=0,0,INT(AJ16)+IF(MOD(AJ16,1)<0.5,0.5,1)) -> 0 | AL16: =SUMIFS('BLC Subcont'!$AE:$AE,'BLC Subcont'!$I:$I,AN$10,'BLC Subcont'!$R:$R,$A16) -> 2370 | AM16: =SUMIFS('BLC Subcont'!$BA:$BA, 'BLC Subcont'!$I:$I,AN$10, 'BLC Subcont'!$R:$R,$A16) -> 2370 | AN16: =IFERROR(AM16/($I16*AN$11),0) -> 0.24749373 | AO16: =IF(AN16=0,0,INT(AN16)+IF(MOD(AN16,1)<0.5,0.5,1)) -> 0.5 | AP16: =SUMIFS('BLC Subcont'!$AE:$AE,'BLC Subcont'!$I:$I,AR$10,'BLC Subcont'!$R:$R,$A16) -> 1206 | AQ16: =SUMIFS('BLC Subcont'!$BA:$BA, 'BLC Subcont'!$I:$I,AR$10, 'BLC Subcont'!$R:$R,$A16) -> 1206 | AR16: =IFERROR(AQ16/($I16*AR$11),0) -> 0.12593985 | AS16: =IF(AR16=0,0,INT(AR16)+IF(MOD(AR16,1)<0.5,0.5,1)) -> 0.5 | AT16: =SUMIFS('BLC Subcont'!$AE:$AE,'BLC Subcont'!$I:$I,AV$10,'BLC Subcont'!$R:$R,$A16) -> 0 | AU16: =SUMIFS('BLC Subcont'!$BA:$BA, 'BLC Subcont'!$I:$I,AV$10, 'BLC Subcont'!$R:$R,$A16) -> 0 | AV16: =IFERROR(AU16/($I16*AV$11),0) -> 0 | AW16: =IF(AV16=0,0,INT(AV16)+IF(MOD(AV16,1)<0.5,0.5,1)) -> 0 | AX16: =SUMIFS('BLC Subcont'!$AE:$AE,'BLC Subcont'!$I:$I,AZ$10,'BLC Subcont'!$R:$R,$A16) -> 0 | AY16: =SUMIFS('BLC Subcont'!$BA:$BA, 'BLC Subcont'!$I:$I,AZ$10, 'BLC Subcont'!$R:$R,$A16) -> 0 | AZ16: =IFERROR(AY16/($I16*AZ$11),0) -> 0 | BA16: =IF(AZ16=0,0,INT(AZ16)+IF(MOD(AZ16,1)<0.5,0.5,1)) -> 0 | BB16: =SUMIFS('BLC Subcont'!$AE:$AE,'BLC Subcont'!$I:$I,BD$10,'BLC Subcont'!$R:$R,$A16) -> 0 | BC16: =SUMIFS('BLC Subcont'!$BA:$BA, 'BLC Subcont'!$I:$I,BD$10, 'BLC Subcont'!$R:$R,$A16) -> 0 | BD16: =IFERROR(BC16/($I16*BD$11),0) -> 0 | BE16: =IF(BD16=0,0,INT(BD16)+IF(MOD(BD16,1)<0.5,0.5,1)) -> 0 | BI16: =AT16+BQ16 -> 0 | BJ16: =AU16+BR16 -> 0 | BK16: =IFERROR(BJ16/($I16*BK$11),0) -> 0 | BL16: =IF(BK16=0,0,INT(BK16)+IF(MOD(BK16,1)<0.5,0.5,1)) -> 0 | BM16: =AX16+BU16 -> 0 | BN16: =AY16+BV16 -> 0 | BO16: =IFERROR(BN16/($I16*BO$11),0) -> 0 | BP16: =IF(BO16=0,0,INT(BO16)+IF(MOD(BO16,1)<0.5,0.5,1)) -> 0 | BQ16: =SUMIFS(RCCP!$HX$8:$HX$136, RCCP!$A$8:$A$136,$A16, RCCP!$C$8:$C$136,$B16 )+ (SUMIFS(RCCP!$IC$8:$IC$136, RCCP!$A$8:$A$136,$A16, RCCP!$C$8:$C$136,$B16)/4) -> 0 | BR16: =SUMIFS(RCCP!$HX$8:$HX$136, RCCP!$A$8:$A$136,$A16, RCCP!$C$8:$C$136,$B16 )+ (SUMIFS(RCCP!$IC$8:$IC$136, RCCP!$A$8:$A$136,$A16, RCCP!$C$8:$C$136,$B16)/4) -> 0 | BS16: =IFERROR(BR16/($I16*BS$11),0) -> 0 | BT16: =IF(BS16=0,0,INT(BS16)+IF(MOD(BS16,1)<0.5,0.5,1)) -> 0 | BU16: =SUMIFS(RCCP!$HY$8:$HY$136, RCCP!$A$8:$A$136,$A16, RCCP!$C$8:$C$136,$B16 )+ (SUMIFS(RCCP!$IC$8:$IC$136, RCCP!$A$8:$A$136,$A16, RCCP!$C$8:$C$136,$B16)/4) -> 0 | BV16: =SUMIFS(RCCP!$HY$8:$HY$136, RCCP!$A$8:$A$136,$A16, RCCP!$C$8:$C$136,$B16 )+ (SUMIFS(RCCP!$IC$8:$IC$136, RCCP!$A$8:$A$136,$A16, RCCP!$C$8:$C$136,$B16)/4) -> 0 | BW16: =IFERROR(BV16/($I16*BW$11),0) -> 0 | BX16: =IF(BW16=0,0,INT(BW16)+IF(MOD(BW16,1)<0.5,0.5,1)) -> 0 | BY16: =SUMIFS(RCCP!$HZ$8:$HZ$136, RCCP!$A$8:$A$136,$A16, RCCP!$C$8:$C$136,$B16 )+ (SUMIFS(RCCP!$IC$8:$IC$136, RCCP!$A$8:$A$136,$A16, RCCP!$C$8:$C$136,$B16)/4) -> 0 | BZ16: =SUMIFS(RCCP!$HZ$8:$HZ$136, RCCP!$A$8:$A$136,$A16, RCCP!$C$8:$C$136,$B16 )+ (SUMIFS(RCCP!$IC$8:$IC$136, RCCP!$A$8:$A$136,$A16, RCCP!$C$8:$C$136,$B16)/4) -> 0 | CA16: =IFERROR(BZ16/($I16*CA$11),0) -> 0 | CB16: =IF(CA16=0,0,INT(CA16)+IF(MOD(CA16,1)<0.5,0.5,1)) -> 0 | CC16: =SUMIFS(RCCP!$IA$8:$IA$136, RCCP!$A$8:$A$136,$A16, RCCP!$C$8:$C$136,$B16 )+ (SUMIFS(RCCP!$IC$8:$IC$136, RCCP!$A$8:$A$136,$A16, RCCP!$C$8:$C$136,$B16)/4) -> 8886 | CD16: =SUMIFS(RCCP!$IA$8:$IA$136, RCCP!$A$8:$A$136,$A16, RCCP!$C$8:$C$136,$B16 )+ (SUMIFS(RCCP!$IC$8:$IC$136, RCCP!$A$8:$A$136,$A16, RCCP!$C$8:$C$136,$B16)/4) -> 8886 | CE16: =IFERROR(CD16/($I16*CE$11),0) -> 0.92794486 | CF16: =IF(CE16=0,0,INT(CE16)+IF(MOD(CE16,1)<0.5,0.5,1)) -> 1 | CG16: =SUMIFS(RCCP!$IF$8:$IF$136, RCCP!$A$8:$A$136,$A16, RCCP!$C$8:$C$136,$B16 )+ (SUMIFS(RCCP!$IK$8:$IK$136, RCCP!$A$8:$A$136,$A16, RCCP!$C$8:$C$136,$B16)/4) -> 3966 | CH16: =SUMIFS(RCCP!$IF$8:$IF$136, RCCP!$A$8:$A$136,$A16, RCCP!$C$8:$C$136,$B16 )+ (SUMIFS(RCCP!$IK$8:$IK$136, RCCP!$A$8:$A$136,$A16, RCCP!$C$8:$C$136,$B16)/4) -> 3966 | CI16: =IFERROR(CH16/($I16*CI$11),0) -> 0.4141604 | CJ16: =IF(CI16=0,0,INT(CI16)+IF(MOD(CI16,1)<0.5,0.5,1)) -> 0.5 | CK16: =SUMIFS(RCCP!$IG$8:$IG$136, RCCP!$A$8:$A$136,$A16, RCCP!$C$8:$C$136,$B16 )+ (SUMIFS(RCCP!$IK$8:$IK$136, RCCP!$A$8:$A$136,$A16, RCCP!$C$8:$C$136,$B16)/4) -> 0 | CL16: =SUMIFS(RCCP!$IG$8:$IG$136, RCCP!$A$8:$A$136,$A16, RCCP!$C$8:$C$136,$B16 )+ (SUMIFS(RCCP!$IK$8:$IK$136, RCCP!$A$8:$A$136,$A16, RCCP!$C$8:$C$136,$B16)/4) -> 0 | CM16: =IFERROR(CL16/($I16*CM$11),0) -> 0 | CN16: =IF(CM16=0,0,INT(CM16)+IF(MOD(CM16,1)<0.5,0.5,1)) -> 0 | CO16: =SUMIFS(RCCP!$IH$8:$IH$136, RCCP!$A$8:$A$136,$A16, RCCP!$C$8:$C$136,$B16 )+ (SUMIFS(RCCP!$IK$8:$IK$136, RCCP!$A$8:$A$136,$A16, RCCP!$C$8:$C$136,$B16)/4) -> 0 | CP16: =SUMIFS(RCCP!$IH$8:$IH$136, RCCP!$A$8:$A$136,$A16, RCCP!$C$8:$C$136,$B16 )+ (SUMIFS(RCCP!$IK$8:$IK$136, RCCP!$A$8:$A$136,$A16, RCCP!$C$8:$C$136,$B16)/4) -> 0 | CQ16: =IFERROR(CP16/($I16*CQ$11),0) -> 0 | CR16: =IF(CQ16=0,0,INT(CQ16)+IF(MOD(CQ16,1)<0.5,0.5,1)) -> 0 | CS16: =SUMIFS(RCCP!$II$8:$II$136, RCCP!$A$8:$A$136,$A16, RCCP!$C$8:$C$136,$B16 )+ (SUMIFS(RCCP!$IK$8:$IK$136, RCCP!$A$8:$A$136,$A16, RCCP!$C$8:$C$136,$B16)/4) -> 0 | CT16: =SUMIFS(RCCP!$II$8:$II$136, RCCP!$A$8:$A$136,$A16, RCCP!$C$8:$C$136,$B16 )+ (SUMIFS(RCCP!$IK$8:$IK$136, RCCP!$A$8:$A$136,$A16, RCCP!$C$8:$C$136,$B16)/4) -> 0 | CU16: =IFERROR(CT16/($I16*CU$11),0) -> 0 | CV16: =IF(CU16=0,0,INT(CU16)+IF(MOD(CU16,1)<0.5,0.5,1)) -> 0 | CW16: =SUMIFS(RCCP!$IN$8:$IN$136, RCCP!$A$8:$A$136,$A16, RCCP!$C$8:$C$136,$B16 )+ (SUMIFS(RCCP!$IT$8:$IT$136, RCCP!$A$8:$A$136,$A16, RCCP!$C$8:$C$136,$B16)/5) -> 0 | CX16: =SUMIFS(RCCP!$IN$8:$IN$136, RCCP!$A$8:$A$136,$A16, RCCP!$C$8:$C$136,$B16 )+ (SUMIFS(RCCP!$IT$8:$IT$136, RCCP!$A$8:$A$136,$A16, RCCP!$C$8:$C$136,$B16)/5) -> 0 | CY16: =IFERROR(CX16/($I16*CY$11),0) -> 0 | CZ16: =IF(CY16=0,0,INT(CY16)+IF(MOD(CY16,1)<0.5,0.5,1)) -> 0 | DA16: =SUMIFS(RCCP!$IO$8:$IO$136, RCCP!$A$8:$A$136,$A16, RCCP!$C$8:$C$136,$B16 )+ (SUMIFS(RCCP!$IT$8:$IT$136, RCCP!$A$8:$A$136,$A16, RCCP!$C$8:$C$136,$B16)/5) -> 1140 | DB16: =SUMIFS(RCCP!$IO$8:$IO$136, RCCP!$A$8:$A$136,$A16, RCCP!$C$8:$C$136,$B16 )+ (SUMIFS(RCCP!$IT$8:$IT$136, RCCP!$A$8:$A$136,$A16, RCCP!$C$8:$C$136,$B16)/5) -> 1140 | DC16: =IFERROR(DB16/($I16*DC$11),0) -> 0.11904762 | DD16: =IF(DC16=0,0,INT(DC16)+IF(MOD(DC16,1)<0.5,0.5,1)) -> 0.5 | DE16: =SUMIFS(RCCP!$IP$8:$IP$136, RCCP!$A$8:$A$136,$A16, RCCP!$C$8:$C$136,$B16 )+ (SUMIFS(RCCP!$IT$8:$IT$136, RCCP!$A$8:$A$136,$A16, RCCP!$C$8:$C$136,$B16)/5) -> 0 | DF16: =SUMIFS(RCCP!$IP$8:$IP$136, RCCP!$A$8:$A$136,$A16, RCCP!$C$8:$C$136,$B16 )+ (SUMIFS(RCCP!$IT$8:$IT$136, RCCP!$A$8:$A$136,$A16, RCCP!$C$8:$C$136,$B16)/5) -> 0 | DG16: =IFERROR(DF16/($I16*DG$11),0) -> 0 | DH16: =IF(DG16=0,0,INT(DG16)+IF(MOD(DG16,1)<0.5,0.5,1)) -> 0 | DI16: =SUMIFS(RCCP!$IQ$8:$IQ$136, RCCP!$A$8:$A$136,$A16, RCCP!$C$8:$C$136,$B16 )+ (SUMIFS(RCCP!$IT$8:$IT$136, RCCP!$A$8:$A$136,$A16, RCCP!$C$8:$C$136,$B16)/5) -> 0 | DJ16: =SUMIFS(RCCP!$IQ$8:$IQ$136, RCCP!$A$8:$A$136,$A16, RCCP!$C$8:$C$136,$B16 )+ (SUMIFS(RCCP!$IT$8:$IT$136, RCCP!$A$8:$A$136,$A16, RCCP!$C$8:$C$136,$B16)/5) -> 0 | DK16: =IFERROR(DJ16/($I16*DK$11),0) -> 0 | DL16: =IF(DK16=0,0,INT(DK16)+IF(MOD(DK16,1)<0.5,0.5,1)) -> 0 | DM16: =SUMIFS(RCCP!$IR$8:$IR$136, RCCP!$A$8:$A$136,$A16, RCCP!$C$8:$C$136,$B16 )+ (SUMIFS(RCCP!$IT$8:$IT$136, RCCP!$A$8:$A$136,$A16, RCCP!$C$8:$C$136,$B16)/5) -> 0 | DN16: =SUMIFS(RCCP!$IR$8:$IR$136, RCCP!$A$8:$A$136,$A16, RCCP!$C$8:$C$136,$B16 )+ (SUMIFS(RCCP!$IT$8:$IT$136, RCCP!$A$8:$A$136,$A16, RCCP!$C$8:$C$136,$B16)/5) -> 0 | DO16: =IFERROR(DN16/($I16*DO$11),0) -> 0 | DP16: =IF(DO16=0,0,INT(DO16)+IF(MOD(DO16,1)<0.5,0.5,1)) -> 0 | DQ16: =SUMIFS(RCCP!$IW$8:$IW$136, RCCP!$A$8:$A$136,$A16, RCCP!$C$8:$C$136,$B16 )+ (SUMIFS(RCCP!$JB$8:$JB$136, RCCP!$A$8:$A$136,$A16, RCCP!$C$8:$C$136,$B16)/4) -> 288 | DR16: =SUMIFS(RCCP!$IW$8:$IW$136, RCCP!$A$8:$A$136,$A16, RCCP!$C$8:$C$136,$B16 )+ (SUMIFS(RCCP!$JB$8:$JB$136, RCCP!$A$8:$A$136,$A16, RCCP!$C$8:$C$136,$B16)/4) -> 288 | DS16: =IFERROR(DR16/($I16*DS$11),0) -> 0.036474164 | DT16: =IF(DS16=0,0,INT(DS16)+IF(MOD(DS16,1)<0.5,0.5,1)) -> 0.5 | DU16: =SUMIFS(RCCP!$IX$8:$IX$136, RCCP!$A$8:$A$136,$A16, RCCP!$C$8:$C$136,$B16 )+ (SUMIFS(RCCP!$JB$8:$JB$136, RCCP!$A$8:$A$136,$A16, RCCP!$C$8:$C$136,$B16)/4) -> 0 | DV16: =SUMIFS(RCCP!$IX$8:$IX$136, RCCP!$A$8:$A$136,$A16, RCCP!$C$8:$C$136,$B16 )+ (SUMIFS(RCCP!$JB$8:$JB$136, RCCP!$A$8:$A$136,$A16, RCCP!$C$8:$C$136,$B16)/4) -> 0 | DW16: =IFERROR(DV16/($I16*DW$11),0) -> 0 | DX16: =IF(DW16=0,0,INT(DW16)+IF(MOD(DW16,1)<0.5,0.5,1)) -> 0 | DY16: =SUMIFS(RCCP!$IY$8:$IY$136, RCCP!$A$8:$A$136,$A16, RCCP!$C$8:$C$136,$B16 )+ (SUMIFS(RCCP!$JB$8:$JB$136, RCCP!$A$8:$A$136,$A16, RCCP!$C$8:$C$136,$B16)/4) -> 0 | DZ16: =SUMIFS(RCCP!$IY$8:$IY$136, RCCP!$A$8:$A$136,$A16, RCCP!$C$8:$C$136,$B16 )+ (SUMIFS(RCCP!$JB$8:$JB$136, RCCP!$A$8:$A$136,$A16, RCCP!$C$8:$C$136,$B16)/4) -> 0 | EA16: =IFERROR(DZ16/($I16*EA$11),0) -> 0 | EB16: =IF(EA16=0,0,INT(EA16)+IF(MOD(EA16,1)<0.5,0.5,1)) -> 0 | EC16: =SUMIFS(RCCP!$IZ$8:$IZ$136, RCCP!$A$8:$A$136,$A16, RCCP!$C$8:$C$136,$B16 )+ (SUMIFS(RCCP!$JB$8:$JB$136, RCCP!$A$8:$A$136,$A16, RCCP!$C$8:$C$136,$B16)/4) -> 0 | ED16: =SUMIFS(RCCP!$IZ$8:$IZ$136, RCCP!$A$8:$A$136,$A16, RCCP!$C$8:$C$136,$B16 )+ (SUMIFS(RCCP!$JB$8:$JB$136, RCCP!$A$8:$A$136,$A16, RCCP!$C$8:$C$136,$B16)/4) -> 0 | EE16: =IFERROR(ED16/($I16*EE$11),0) -> 0 | EF16: =IF(EE16=0,0,INT(EE16)+IF(MOD(EE16,1)<0.5,0.5,1)) -> 0 | EG16: =SUMIFS(RCCP!$JE$8:$JE$136, RCCP!$A$8:$A$136,$A16, RCCP!$C$8:$C$136,$B16 )+ (SUMIFS(RCCP!$JJ$8:$JJ$136, RCCP!$A$8:$A$136,$A16, RCCP!$C$8:$C$136,$B16)/4) -> 0 | EH16: =SUMIFS(RCCP!$JE$8:$JE$136, RCCP!$A$8:$A$136,$A16, RCCP!$C$8:$C$136,$B16 )+ (SUMIFS(RCCP!$JJ$8:$JJ$136, RCCP!$A$8:$A$136,$A16, RCCP!$C$8:$C$136,$B16)/4) -> 0 | EI16: =IFERROR(EH16/($I16*EI$11),0) -> 0 | EJ16: =IF(EI16=0,0,INT(EI16)+IF(MOD(EI16,1)<0.5,0.5,1)) -> 0 | EK16: =SUMIFS(RCCP!$JF$8:$JF$136, RCCP!$A$8:$A$136,$A16, RCCP!$C$8:$C$136,$B16 )+ (SUMIFS(RCCP!$JJ$8:$JJ$136, RCCP!$A$8:$A$136,$A16, RCCP!$C$8:$C$136,$B16)/4) -> 0 | EL16: =SUMIFS(RCCP!$JF$8:$JF$136, RCCP!$A$8:$A$136,$A16, RCCP!$C$8:$C$136,$B16 )+ (SUMIFS(RCCP!$JJ$8:$JJ$136, RCCP!$A$8:$A$136,$A16, RCCP!$C$8:$C$136,$B16)/4) -> 0 | EM16: =IFERROR(EL16/($I16*EM$11),0) -> 0 | EN16: =IF(EM16=0,0,INT(EM16)+IF(MOD(EM16,1)<0.5,0.5,1)) -> 0 | EO16: =SUMIFS(RCCP!$JG$8:$JG$136, RCCP!$A$8:$A$136,$A16, RCCP!$C$8:$C$136,$B16 )+ (SUMIFS(RCCP!$JJ$8:$JJ$136, RCCP!$A$8:$A$136,$A16, RCCP!$C$8:$C$136,$B16)/4) -> 0 | EP16: =SUMIFS(RCCP!$JG$8:$JG$136, RCCP!$A$8:$A$136,$A16, RCCP!$C$8:$C$136,$B16 )+ (SUMIFS(RCCP!$JJ$8:$JJ$136, RCCP!$A$8:$A$136,$A16, RCCP!$C$8:$C$136,$B16)/4) -> 0 | EQ16: =IFERROR(EP16/($I16*EQ$11),0) -> 0 | ER16: =IF(EQ16=0,0,INT(EQ16)+IF(MOD(EQ16,1)<0.5,0.5,1)) -> 0 | ES16: =SUMIFS(RCCP!$JH$8:$JH$136, RCCP!$A$8:$A$136,$A16, RCCP!$C$8:$C$136,$B16 )+ (SUMIFS(RCCP!$JJ$8:$JJ$136, RCCP!$A$8:$A$136,$A16, RCCP!$C$8:$C$136,$B16)/4) -> 0 | ET16: =SUMIFS(RCCP!$JH$8:$JH$136, RCCP!$A$8:$A$136,$A16, RCCP!$C$8:$C$136,$B16 )+ (SUMIFS(RCCP!$JJ$8:$JJ$136, RCCP!$A$8:$A$136,$A16, RCCP!$C$8:$C$136,$B16)/4) -> 0 | EU16: =IFERROR(ET16/($I16*EU$11),0) -> 0 | EV16: =IF(EU16=0,0,INT(EU16)+IF(MOD(EU16,1)<0.5,0.5,1)) -> 0
A17: 1906 | B17: Men'S | C17: N logo | D17: 143 | E17: 5.7 | F17: 7 | G17: 3 | H17: =+D17*E17*F17*G17 -> 17117.1 | I17: =+H17/E17 -> 3003 | J17: =SUMIFS('BLC Subcont'!$AE:$AE,'BLC Subcont'!$I:$I,L$10,'BLC Subcont'!$R:$R,$A17) -> 1656 | K17: =SUMIFS('BLC Subcont'!$BF:$BF,'BLC Subcont'!$I:$I,L$10,'BLC Subcont'!$R:$R,$A17) -> 0 | L17: =IFERROR(K17/($I17*L$11),0) -> 0 | M17: =SUMIFS('BLC Subcont'!$AE:$AE,'BLC Subcont'!$I:$I,O$10,'BLC Subcont'!$R:$R,$A17) -> 150 | N17: =SUMIFS('BLC Subcont'!$BF:$BF,'BLC Subcont'!$I:$I,O$10,'BLC Subcont'!$R:$R,$A17) -> 0 | O17: =IFERROR(N17/($I17*O$11),0) -> 0 | P17: =SUMIFS('BLC Subcont'!$AE:$AE,'BLC Subcont'!$I:$I,R$10,'BLC Subcont'!$R:$R,$A17) -> 1326 | Q17: =SUMIFS('BLC Subcont'!$BF:$BF,'BLC Subcont'!$I:$I,R$10,'BLC Subcont'!$R:$R,$A17) -> 34 | R17: =IFERROR(Q17/($I17*R$11),0) -> 0 | S17: =SUMIFS('BLC Subcont'!$AE:$AE,'BLC Subcont'!$I:$I,U$10,'BLC Subcont'!$R:$R,$A17) -> 0 | T17: =SUMIFS('BLC Subcont'!$BF:$BF,'BLC Subcont'!$I:$I,U$10,'BLC Subcont'!$R:$R,$A17) -> 0 | U17: =IFERROR(T17/($I17*U$11),0) -> 0 | V17: =SUM(S17,P17,M17,J17) -> 3132 | W17: =+SUM(T17,Q17,N17,K17) -> 34 | X17: =IFERROR(W17/($I17*X$11),0) -> 0.0019863178 | Y17: =IF(X17=0,0,INT(X17)+IF(MOD(X17,1)<0.5,0.5,1)) -> 0.5 | Z17: =SUMIFS('BLC Subcont'!$AE:$AE,'BLC Subcont'!$I:$I,AB$10,'BLC Subcont'!$R:$R,$A17) -> 1560 | AA17: =SUMIFS('BLC Subcont'!$BF:$BF,'BLC Subcont'!$I:$I,AB$10,'BLC Subcont'!$R:$R,$A17) -> 1242 | AB17: =IFERROR(AA17/($I17*AB$11),0) -> 0.07255902 | AC17: =IF(AB17=0,0,INT(AB17)+IF(MOD(AB17,1)<0.5,0.5,1)) -> 0.5 | AD17: =SUMIFS('BLC Subcont'!$AE:$AE,'BLC Subcont'!$I:$I,AF$10,'BLC Subcont'!$R:$R,$A17) -> 0 | AE17: =SUMIFS('BLC Subcont'!$BF:$BF,'BLC Subcont'!$I:$I,AF$10,'BLC Subcont'!$R:$R,$A17) -> 0 | AF17: =IFERROR(AE17/($I17*AF$11),0) -> 0 | AG17: =IF(AF17=0,0,INT(AF17)+IF(MOD(AF17,1)<0.5,0.5,1)) -> 0 | AH17: =SUMIFS('BLC Subcont'!$AE:$AE,'BLC Subcont'!$I:$I,AJ$10,'BLC Subcont'!$R:$R,$A17) -> 0 | AI17: =SUMIFS('BLC Subcont'!$BF:$BF,'BLC Subcont'!$I:$I,AJ$10,'BLC Subcont'!$R:$R,$A17) -> 0 | AJ17: =IFERROR(AI17/($I17*AJ$11),0) -> 0 | AK17: =IF(AJ17=0,0,INT(AJ17)+IF(MOD(AJ17,1)<0.5,0.5,1)) -> 0 | AL17: =SUMIFS('BLC Subcont'!$AE:$AE,'BLC Subcont'!$I:$I,AN$10,'BLC Subcont'!$R:$R,$A17) -> 2370 | AM17: =SUMIFS('BLC Subcont'!$BF:$BF,'BLC Subcont'!$I:$I,AN$10,'BLC Subcont'!$R:$R,$A17) -> 2370 | AN17: =IFERROR(AM17/($I17*AN$11),0) -> 0.13845803 | AO17: =IF(AN17=0,0,INT(AN17)+IF(MOD(AN17,1)<0.5,0.5,1)) -> 0.5 | AP17: =SUMIFS('BLC Subcont'!$AE:$AE,'BLC Subcont'!$I:$I,AR$10,'BLC Subcont'!$R:$R,$A17) -> 1206 | AQ17: =SUMIFS('BLC Subcont'!$BF:$BF,'BLC Subcont'!$I:$I,AR$10,'BLC Subcont'!$R:$R,$A17) -> 1206 | AR17: =IFERROR(AQ17/($I17*AR$11),0) -> 0.07045586 | AS17: =IF(AR17=0,0,INT(AR17)+IF(MOD(AR17,1)<0.5,0.5,1)) -> 0.5 | AT17: =SUMIFS('BLC Subcont'!$AE:$AE,'BLC Subcont'!$I:$I,AV$10,'BLC Subcont'!$R:$R,$A17) -> 0 | AU17: =SUMIFS('BLC Subcont'!$BF:$BF,'BLC Subcont'!$I:$I,AV$10,'BLC Subcont'!$R:$R,$A17) -> 0 | AV17: =IFERROR(AU17/($I17*AV$11),0) -> 0 | AW17: =IF(AV17=0,0,INT(AV17)+IF(MOD(AV17,1)<0.5,0.5,1)) -> 0 | AX17: =SUMIFS('BLC Subcont'!$AE:$AE,'BLC Subcont'!$I:$I,AZ$10,'BLC Subcont'!$R:$R,$A17) -> 0 | AY17: =SUMIFS('BLC Subcont'!$BF:$BF,'BLC Subcont'!$I:$I,AZ$10,'BLC Subcont'!$R:$R,$A17) -> 0 | AZ17: =IFERROR(AY17/($I17*AZ$11),0) -> 0 | BA17: =IF(AZ17=0,0,INT(AZ17)+IF(MOD(AZ17,1)<0.5,0.5,1)) -> 0 | BB17: =SUMIFS('BLC Subcont'!$AE:$AE,'BLC Subcont'!$I:$I,BD$10,'BLC Subcont'!$R:$R,$A17) -> 0 | BC17: =SUMIFS('BLC Subcont'!$BF:$BF,'BLC Subcont'!$I:$I,BD$10,'BLC Subcont'!$R:$R,$A17) -> 0 | BD17: =IFERROR(BC17/($I17*BD$11),0) -> 0 | BE17: =IF(BD17=0,0,INT(BD17)+IF(MOD(BD17,1)<0.5,0.5,1)) -> 0 | BI17: =AT17+BQ17 -> 0 | BJ17: =AU17+BR17 -> 0 | BK17: =IFERROR(BJ17/($I17*BK$11),0) -> 0 | BL17: =IF(BK17=0,0,INT(BK17)+IF(MOD(BK17,1)<0.5,0.5,1)) -> 0 | BM17: =AX17+BU17 -> 0 | BN17: =AY17+BV17 -> 0 | BO17: =IFERROR(BN17/($I17*BO$11),0) -> 0 | BP17: =IF(BO17=0,0,INT(BO17)+IF(MOD(BO17,1)<0.5,0.5,1)) -> 0 | BQ17: =SUMIFS(RCCP!$HX$8:$HX$136, RCCP!$A$8:$A$136,$A17, RCCP!$C$8:$C$136,$B17 )+ (SUMIFS(RCCP!$IC$8:$IC$136, RCCP!$A$8:$A$136,$A17, RCCP!$C$8:$C$136,$B17)/4) -> 0 | BR17: =SUMIFS(RCCP!$HX$8:$HX$136, RCCP!$A$8:$A$136,$A17, RCCP!$C$8:$C$136,$B17 )+ (SUMIFS(RCCP!$IC$8:$IC$136, RCCP!$A$8:$A$136,$A17, RCCP!$C$8:$C$136,$B17)/4) -> 0 | BS17: =IFERROR(BR17/($I17*BS$11),0) -> 0 | BT17: =IF(BS17=0,0,INT(BS17)+IF(MOD(BS17,1)<0.5,0.5,1)) -> 0 | BU17: =SUMIFS(RCCP!$HY$8:$HY$136, RCCP!$A$8:$A$136,$A17, RCCP!$C$8:$C$136,$B17 )+ (SUMIFS(RCCP!$IC$8:$IC$136, RCCP!$A$8:$A$136,$A17, RCCP!$C$8:$C$136,$B17)/4) -> 0 | BV17: =SUMIFS(RCCP!$HY$8:$HY$136, RCCP!$A$8:$A$136,$A17, RCCP!$C$8:$C$136,$B17 )+ (SUMIFS(RCCP!$IC$8:$IC$136, RCCP!$A$8:$A$136,$A17, RCCP!$C$8:$C$136,$B17)/4) -> 0 | BW17: =IFERROR(BV17/($I17*BW$11),0) -> 0 | BX17: =IF(BW17=0,0,INT(BW17)+IF(MOD(BW17,1)<0.5,0.5,1)) -> 0 | BY17: =SUMIFS(RCCP!$HZ$8:$HZ$136, RCCP!$A$8:$A$136,$A17, RCCP!$C$8:$C$136,$B17 )+ (SUMIFS(RCCP!$IC$8:$IC$136, RCCP!$A$8:$A$136,$A17, RCCP!$C$8:$C$136,$B17)/4) -> 0 | BZ17: =SUMIFS(RCCP!$HZ$8:$HZ$136, RCCP!$A$8:$A$136,$A17, RCCP!$C$8:$C$136,$B17 )+ (SUMIFS(RCCP!$IC$8:$IC$136, RCCP!$A$8:$A$136,$A17, RCCP!$C$8:$C$136,$B17)/4) -> 0 | CA17: =IFERROR(BZ17/($I17*CA$11),0) -> 0 | CB17: =IF(CA17=0,0,INT(CA17)+IF(MOD(CA17,1)<0.5,0.5,1)) -> 0 | CC17: =SUMIFS(RCCP!$IA$8:$IA$136, RCCP!$A$8:$A$136,$A17, RCCP!$C$8:$C$136,$B17 )+ (SUMIFS(RCCP!$IC$8:$IC$136, RCCP!$A$8:$A$136,$A17, RCCP!$C$8:$C$136,$B17)/4) -> 8886 | CD17: =SUMIFS(RCCP!$IA$8:$IA$136, RCCP!$A$8:$A$136,$A17, RCCP!$C$8:$C$136,$B17 )+ (SUMIFS(RCCP!$IC$8:$IC$136, RCCP!$A$8:$A$136,$A17, RCCP!$C$8:$C$136,$B17)/4) -> 8886 | CE17: =IFERROR(CD17/($I17*CE$11),0) -> 0.51912999 | CF17: =IF(CE17=0,0,INT(CE17)+IF(MOD(CE17,1)<0.5,0.5,1)) -> 1 | CG17: =SUMIFS(RCCP!$IF$8:$IF$136, RCCP!$A$8:$A$136,$A17, RCCP!$C$8:$C$136,$B17 )+ (SUMIFS(RCCP!$IK$8:$IK$136, RCCP!$A$8:$A$136,$A17, RCCP!$C$8:$C$136,$B17)/4) -> 3966 | CH17: =SUMIFS(RCCP!$IF$8:$IF$136, RCCP!$A$8:$A$136,$A17, RCCP!$C$8:$C$136,$B17 )+ (SUMIFS(RCCP!$IK$8:$IK$136, RCCP!$A$8:$A$136,$A17, RCCP!$C$8:$C$136,$B17)/4) -> 3966 | CI17: =IFERROR(CH17/($I17*CI$11),0) -> 0.23169813 | CJ17: =IF(CI17=0,0,INT(CI17)+IF(MOD(CI17,1)<0.5,0.5,1)) -> 0.5 | CK17: =SUMIFS(RCCP!$IG$8:$IG$136, RCCP!$A$8:$A$136,$A17, RCCP!$C$8:$C$136,$B17 )+ (SUMIFS(RCCP!$IK$8:$IK$136, RCCP!$A$8:$A$136,$A17, RCCP!$C$8:$C$136,$B17)/4) -> 0 | CL17: =SUMIFS(RCCP!$IG$8:$IG$136, RCCP!$A$8:$A$136,$A17, RCCP!$C$8:$C$136,$B17 )+ (SUMIFS(RCCP!$IK$8:$IK$136, RCCP!$A$8:$A$136,$A17, RCCP!$C$8:$C$136,$B17)/4) -> 0 | CM17: =IFERROR(CL17/($I17*CM$11),0) -> 0 | CN17: =IF(CM17=0,0,INT(CM17)+IF(MOD(CM17,1)<0.5,0.5,1)) -> 0 | CO17: =SUMIFS(RCCP!$IH$8:$IH$136, RCCP!$A$8:$A$136,$A17, RCCP!$C$8:$C$136,$B17 )+ (SUMIFS(RCCP!$IK$8:$IK$136, RCCP!$A$8:$A$136,$A17, RCCP!$C$8:$C$136,$B17)/4) -> 0 | CP17: =SUMIFS(RCCP!$IH$8:$IH$136, RCCP!$A$8:$A$136,$A17, RCCP!$C$8:$C$136,$B17 )+ (SUMIFS(RCCP!$IK$8:$IK$136, RCCP!$A$8:$A$136,$A17, RCCP!$C$8:$C$136,$B17)/4) -> 0 | CQ17: =IFERROR(CP17/($I17*CQ$11),0) -> 0 | CR17: =IF(CQ17=0,0,INT(CQ17)+IF(MOD(CQ17,1)<0.5,0.5,1)) -> 0 | CS17: =SUMIFS(RCCP!$II$8:$II$136, RCCP!$A$8:$A$136,$A17, RCCP!$C$8:$C$136,$B17 )+ (SUMIFS(RCCP!$IK$8:$IK$136, RCCP!$A$8:$A$136,$A17, RCCP!$C$8:$C$136,$B17)/4) -> 0 | CT17: =SUMIFS(RCCP!$II$8:$II$136, RCCP!$A$8:$A$136,$A17, RCCP!$C$8:$C$136,$B17 )+ (SUMIFS(RCCP!$IK$8:$IK$136, RCCP!$A$8:$A$136,$A17, RCCP!$C$8:$C$136,$B17)/4) -> 0 | CU17: =IFERROR(CT17/($I17*CU$11),0) -> 0 | CV17: =IF(CU17=0,0,INT(CU17)+IF(MOD(CU17,1)<0.5,0.5,1)) -> 0 | CW17: =SUMIFS(RCCP!$IN$8:$IN$136, RCCP!$A$8:$A$136,$A17, RCCP!$C$8:$C$136,$B17 )+ (SUMIFS(RCCP!$IT$8:$IT$136, RCCP!$A$8:$A$136,$A17, RCCP!$C$8:$C$136,$B17)/5) -> 0 | CX17: =SUMIFS(RCCP!$IN$8:$IN$136, RCCP!$A$8:$A$136,$A17, RCCP!$C$8:$C$136,$B17 )+ (SUMIFS(RCCP!$IT$8:$IT$136, RCCP!$A$8:$A$136,$A17, RCCP!$C$8:$C$136,$B17)/5) -> 0 | CY17: =IFERROR(CX17/($I17*CY$11),0) -> 0 | CZ17: =IF(CY17=0,0,INT(CY17)+IF(MOD(CY17,1)<0.5,0.5,1)) -> 0 | DA17: =SUMIFS(RCCP!$IO$8:$IO$136, RCCP!$A$8:$A$136,$A17, RCCP!$C$8:$C$136,$B17 )+ (SUMIFS(RCCP!$IT$8:$IT$136, RCCP!$A$8:$A$136,$A17, RCCP!$C$8:$C$136,$B17)/5) -> 1140 | DB17: =SUMIFS(RCCP!$IO$8:$IO$136, RCCP!$A$8:$A$136,$A17, RCCP!$C$8:$C$136,$B17 )+ (SUMIFS(RCCP!$IT$8:$IT$136, RCCP!$A$8:$A$136,$A17, RCCP!$C$8:$C$136,$B17)/5) -> 1140 | DC17: =IFERROR(DB17/($I17*DC$11),0) -> 0.066600067 | DD17: =IF(DC17=0,0,INT(DC17)+IF(MOD(DC17,1)<0.5,0.5,1)) -> 0.5 | DE17: =SUMIFS(RCCP!$IP$8:$IP$136, RCCP!$A$8:$A$136,$A17, RCCP!$C$8:$C$136,$B17 )+ (SUMIFS(RCCP!$IT$8:$IT$136, RCCP!$A$8:$A$136,$A17, RCCP!$C$8:$C$136,$B17)/5) -> 0 | DF17: =SUMIFS(RCCP!$IP$8:$IP$136, RCCP!$A$8:$A$136,$A17, RCCP!$C$8:$C$136,$B17 )+ (SUMIFS(RCCP!$IT$8:$IT$136, RCCP!$A$8:$A$136,$A17, RCCP!$C$8:$C$136,$B17)/5) -> 0 | DG17: =IFERROR(DF17/($I17*DG$11),0) -> 0 | DH17: =IF(DG17=0,0,INT(DG17)+IF(MOD(DG17,1)<0.5,0.5,1)) -> 0 | DI17: =SUMIFS(RCCP!$IQ$8:$IQ$136, RCCP!$A$8:$A$136,$A17, RCCP!$C$8:$C$136,$B17 )+ (SUMIFS(RCCP!$IT$8:$IT$136, RCCP!$A$8:$A$136,$A17, RCCP!$C$8:$C$136,$B17)/5) -> 0 | DJ17: =SUMIFS(RCCP!$IQ$8:$IQ$136, RCCP!$A$8:$A$136,$A17, RCCP!$C$8:$C$136,$B17 )+ (SUMIFS(RCCP!$IT$8:$IT$136, RCCP!$A$8:$A$136,$A17, RCCP!$C$8:$C$136,$B17)/5) -> 0 | DK17: =IFERROR(DJ17/($I17*DK$11),0) -> 0 | DL17: =IF(DK17=0,0,INT(DK17)+IF(MOD(DK17,1)<0.5,0.5,1)) -> 0 | DM17: =SUMIFS(RCCP!$IR$8:$IR$136, RCCP!$A$8:$A$136,$A17, RCCP!$C$8:$C$136,$B17 )+ (SUMIFS(RCCP!$IT$8:$IT$136, RCCP!$A$8:$A$136,$A17, RCCP!$C$8:$C$136,$B17)/5) -> 0 | DN17: =SUMIFS(RCCP!$IR$8:$IR$136, RCCP!$A$8:$A$136,$A17, RCCP!$C$8:$C$136,$B17 )+ (SUMIFS(RCCP!$IT$8:$IT$136, RCCP!$A$8:$A$136,$A17, RCCP!$C$8:$C$136,$B17)/5) -> 0 | DO17: =IFERROR(DN17/($I17*DO$11),0) -> 0 | DP17: =IF(DO17=0,0,INT(DO17)+IF(MOD(DO17,1)<0.5,0.5,1)) -> 0 | DQ17: =SUMIFS(RCCP!$IW$8:$IW$136, RCCP!$A$8:$A$136,$A17, RCCP!$C$8:$C$136,$B17 )+ (SUMIFS(RCCP!$JB$8:$JB$136, RCCP!$A$8:$A$136,$A17, RCCP!$C$8:$C$136,$B17)/4) -> 288 | DR17: =SUMIFS(RCCP!$IW$8:$IW$136, RCCP!$A$8:$A$136,$A17, RCCP!$C$8:$C$136,$B17 )+ (SUMIFS(RCCP!$JB$8:$JB$136, RCCP!$A$8:$A$136,$A17, RCCP!$C$8:$C$136,$B17)/4) -> 288 | DS17: =IFERROR(DR17/($I17*DS$11),0) -> 0.020405127 | DT17: =IF(DS17=0,0,INT(DS17)+IF(MOD(DS17,1)<0.5,0.5,1)) -> 0.5 | DU17: =SUMIFS(RCCP!$IX$8:$IX$136, RCCP!$A$8:$A$136,$A17, RCCP!$C$8:$C$136,$B17 )+ (SUMIFS(RCCP!$JB$8:$JB$136, RCCP!$A$8:$A$136,$A17, RCCP!$C$8:$C$136,$B17)/4) -> 0 | DV17: =SUMIFS(RCCP!$IX$8:$IX$136, RCCP!$A$8:$A$136,$A17, RCCP!$C$8:$C$136,$B17 )+ (SUMIFS(RCCP!$JB$8:$JB$136, RCCP!$A$8:$A$136,$A17, RCCP!$C$8:$C$136,$B17)/4) -> 0 | DW17: =IFERROR(DV17/($I17*DW$11),0) -> 0 | DX17: =IF(DW17=0,0,INT(DW17)+IF(MOD(DW17,1)<0.5,0.5,1)) -> 0 | DY17: =SUMIFS(RCCP!$IY$8:$IY$136, RCCP!$A$8:$A$136,$A17, RCCP!$C$8:$C$136,$B17 )+ (SUMIFS(RCCP!$JB$8:$JB$136, RCCP!$A$8:$A$136,$A17, RCCP!$C$8:$C$136,$B17)/4) -> 0 | DZ17: =SUMIFS(RCCP!$IY$8:$IY$136, RCCP!$A$8:$A$136,$A17, RCCP!$C$8:$C$136,$B17 )+ (SUMIFS(RCCP!$JB$8:$JB$136, RCCP!$A$8:$A$136,$A17, RCCP!$C$8:$C$136,$B17)/4) -> 0 | EA17: =IFERROR(DZ17/($I17*EA$11),0) -> 0 | EB17: =IF(EA17=0,0,INT(EA17)+IF(MOD(EA17,1)<0.5,0.5,1)) -> 0 | EC17: =SUMIFS(RCCP!$IZ$8:$IZ$136, RCCP!$A$8:$A$136,$A17, RCCP!$C$8:$C$136,$B17 )+ (SUMIFS(RCCP!$JB$8:$JB$136, RCCP!$A$8:$A$136,$A17, RCCP!$C$8:$C$136,$B17)/4) -> 0 | ED17: =SUMIFS(RCCP!$IZ$8:$IZ$136, RCCP!$A$8:$A$136,$A17, RCCP!$C$8:$C$136,$B17 )+ (SUMIFS(RCCP!$JB$8:$JB$136, RCCP!$A$8:$A$136,$A17, RCCP!$C$8:$C$136,$B17)/4) -> 0 | EE17: =IFERROR(ED17/($I17*EE$11),0) -> 0 | EF17: =IF(EE17=0,0,INT(EE17)+IF(MOD(EE17,1)<0.5,0.5,1)) -> 0 | EG17: =SUMIFS(RCCP!$JE$8:$JE$136, RCCP!$A$8:$A$136,$A17, RCCP!$C$8:$C$136,$B17 )+ (SUMIFS(RCCP!$JJ$8:$JJ$136, RCCP!$A$8:$A$136,$A17, RCCP!$C$8:$C$136,$B17)/4) -> 0 | EH17: =SUMIFS(RCCP!$JE$8:$JE$136, RCCP!$A$8:$A$136,$A17, RCCP!$C$8:$C$136,$B17 )+ (SUMIFS(RCCP!$JJ$8:$JJ$136, RCCP!$A$8:$A$136,$A17, RCCP!$C$8:$C$136,$B17)/4) -> 0 | EI17: =IFERROR(EH17/($I17*EI$11),0) -> 0 | EJ17: =IF(EI17=0,0,INT(EI17)+IF(MOD(EI17,1)<0.5,0.5,1)) -> 0 | EK17: =SUMIFS(RCCP!$JF$8:$JF$136, RCCP!$A$8:$A$136,$A17, RCCP!$C$8:$C$136,$B17 )+ (SUMIFS(RCCP!$JJ$8:$JJ$136, RCCP!$A$8:$A$136,$A17, RCCP!$C$8:$C$136,$B17)/4) -> 0 | EL17: =SUMIFS(RCCP!$JF$8:$JF$136, RCCP!$A$8:$A$136,$A17, RCCP!$C$8:$C$136,$B17 )+ (SUMIFS(RCCP!$JJ$8:$JJ$136, RCCP!$A$8:$A$136,$A17, RCCP!$C$8:$C$136,$B17)/4) -> 0 | EM17: =IFERROR(EL17/($I17*EM$11),0) -> 0 | EN17: =IF(EM17=0,0,INT(EM17)+IF(MOD(EM17,1)<0.5,0.5,1)) -> 0 | EO17: =SUMIFS(RCCP!$JG$8:$JG$136, RCCP!$A$8:$A$136,$A17, RCCP!$C$8:$C$136,$B17 )+ (SUMIFS(RCCP!$JJ$8:$JJ$136, RCCP!$A$8:$A$136,$A17, RCCP!$C$8:$C$136,$B17)/4) -> 0 | EP17: =SUMIFS(RCCP!$JG$8:$JG$136, RCCP!$A$8:$A$136,$A17, RCCP!$C$8:$C$136,$B17 )+ (SUMIFS(RCCP!$JJ$8:$JJ$136, RCCP!$A$8:$A$136,$A17, RCCP!$C$8:$C$136,$B17)/4) -> 0 | EQ17: =IFERROR(EP17/($I17*EQ$11),0) -> 0 | ER17: =IF(EQ17=0,0,INT(EQ17)+IF(MOD(EQ17,1)<0.5,0.5,1)) -> 0 | ES17: =SUMIFS(RCCP!$JH$8:$JH$136, RCCP!$A$8:$A$136,$A17, RCCP!$C$8:$C$136,$B17 )+ (SUMIFS(RCCP!$JJ$8:$JJ$136, RCCP!$A$8:$A$136,$A17, RCCP!$C$8:$C$136,$B17)/4) -> 0 | ET17: =SUMIFS(RCCP!$JH$8:$JH$136, RCCP!$A$8:$A$136,$A17, RCCP!$C$8:$C$136,$B17 )+ (SUMIFS(RCCP!$JJ$8:$JJ$136, RCCP!$A$8:$A$136,$A17, RCCP!$C$8:$C$136,$B17)/4) -> 0 | EU17: =IFERROR(ET17/($I17*EU$11),0) -> 0 | EV17: =IF(EU17=0,0,INT(EU17)+IF(MOD(EU17,1)<0.5,0.5,1)) -> 0
A18: 1906 | B18: Men'S | C18: Sadel olay out | D18: 34 | E18: 5.7 | F18: 7 | G18: 3 | H18: =+D18*E18*F18*G18 -> 4069.8 | I18: =+H18/E18 -> 714 | J18: =SUMIFS('BLC Subcont'!$AE:$AE,'BLC Subcont'!$I:$I,L$10,'BLC Subcont'!$R:$R,$A18) -> 1656 | K18: =SUMIFS('BLC Subcont'!$AZ:$AZ,'BLC Subcont'!$I:$I,L$10,'BLC Subcont'!$R:$R,$A18) -> 0 | L18: =IFERROR(K18/($I18*L$11),0) -> 0 | M18: =SUMIFS('BLC Subcont'!$AE:$AE,'BLC Subcont'!$I:$I,O$10,'BLC Subcont'!$R:$R,$A18) -> 150 | N18: =SUMIFS('BLC Subcont'!$AZ:$AZ,'BLC Subcont'!$I:$I,O$10,'BLC Subcont'!$R:$R,$A18) -> 0 | O18: =IFERROR(N18/($I18*O$11),0) -> 0 | P18: =SUMIFS('BLC Subcont'!$AE:$AE,'BLC Subcont'!$I:$I,R$10,'BLC Subcont'!$R:$R,$A18) -> 1326 | Q18: =SUMIFS('BLC Subcont'!$AZ:$AZ,'BLC Subcont'!$I:$I,R$10,'BLC Subcont'!$R:$R,$A18) -> 0 | R18: =IFERROR(Q18/($I18*R$11),0) -> 0 | S18: =SUMIFS('BLC Subcont'!$AE:$AE,'BLC Subcont'!$I:$I,U$10,'BLC Subcont'!$R:$R,$A18) -> 0 | T18: =SUMIFS('BLC Subcont'!$AZ:$AZ,'BLC Subcont'!$I:$I,U$10,'BLC Subcont'!$R:$R,$A18) -> 0 | U18: =IFERROR(T18/($I18*U$11),0) -> 0 | V18: =SUM(S18,P18,M18,J18) -> 3132 | W18: =+SUM(T18,Q18,N18,K18) -> 0 | X18: =IFERROR(W18/($I18*X$11),0) -> 0 | Y18: =IF(X18=0,0,INT(X18)+IF(MOD(X18,1)<0.5,0.5,1)) -> 0 | Z18: =SUMIFS('BLC Subcont'!$AE:$AE,'BLC Subcont'!$I:$I,AB$10,'BLC Subcont'!$R:$R,$A18) -> 1560 | AA18: =SUMIFS('BLC Subcont'!$AZ:$AZ,'BLC Subcont'!$I:$I,AB$10,'BLC Subcont'!$R:$R,$A18) -> 1254 | AB18: =IFERROR(AA18/($I18*AB$11),0) -> 0.30812325 | AC18: =IF(AB18=0,0,INT(AB18)+IF(MOD(AB18,1)<0.5,0.5,1)) -> 0.5 | AD18: =SUMIFS('BLC Subcont'!$AE:$AE,'BLC Subcont'!$I:$I,AF$10,'BLC Subcont'!$R:$R,$A18) -> 0 | AE18: =SUMIFS('BLC Subcont'!$AZ:$AZ,'BLC Subcont'!$I:$I,AF$10,'BLC Subcont'!$R:$R,$A18) -> 0 | AF18: =IFERROR(AE18/($I18*AF$11),0) -> 0 | AG18: =IF(AF18=0,0,INT(AF18)+IF(MOD(AF18,1)<0.5,0.5,1)) -> 0 | AH18: =SUMIFS('BLC Subcont'!$AE:$AE,'BLC Subcont'!$I:$I,AJ$10,'BLC Subcont'!$R:$R,$A18) -> 0 | AI18: =SUMIFS('BLC Subcont'!$AZ:$AZ,'BLC Subcont'!$I:$I,AJ$10,'BLC Subcont'!$R:$R,$A18) -> 0 | AJ18: =IFERROR(AI18/($I18*AJ$11),0) -> 0 | AK18: =IF(AJ18=0,0,INT(AJ18)+IF(MOD(AJ18,1)<0.5,0.5,1)) -> 0 | AL18: =SUMIFS('BLC Subcont'!$AE:$AE,'BLC Subcont'!$I:$I,AN$10,'BLC Subcont'!$R:$R,$A18) -> 2370 | AM18: =SUMIFS('BLC Subcont'!$AZ:$AZ,'BLC Subcont'!$I:$I,AN$10,'BLC Subcont'!$R:$R,$A18) -> 2370 | AN18: =IFERROR(AM18/($I18*AN$11),0) -> 0.5823382 | AO18: =IF(AN18=0,0,INT(AN18)+IF(MOD(AN18,1)<0.5,0.5,1)) -> 1 | AP18: =SUMIFS('BLC Subcont'!$AE:$AE,'BLC Subcont'!$I:$I,AR$10,'BLC Subcont'!$R:$R,$A18) -> 1206 | AQ18: =SUMIFS('BLC Subcont'!$AZ:$AZ,'BLC Subcont'!$I:$I,AR$10,'BLC Subcont'!$R:$R,$A18) -> 1206 | AR18: =IFERROR(AQ18/($I18*AR$11),0) -> 0.29632906 | AS18: =IF(AR18=0,0,INT(AR18)+IF(MOD(AR18,1)<0.5,0.5,1)) -> 0.5 | AT18: =SUMIFS('BLC Subcont'!$AE:$AE,'BLC Subcont'!$I:$I,AV$10,'BLC Subcont'!$R:$R,$A18) -> 0 | AU18: =SUMIFS('BLC Subcont'!$AZ:$AZ,'BLC Subcont'!$I:$I,AV$10,'BLC Subcont'!$R:$R,$A18) -> 0 | AV18: =IFERROR(AU18/($I18*AV$11),0) -> 0 | AW18: =IF(AV18=0,0,INT(AV18)+IF(MOD(AV18,1)<0.5,0.5,1)) -> 0 | AX18: =SUMIFS('BLC Subcont'!$AE:$AE,'BLC Subcont'!$I:$I,AZ$10,'BLC Subcont'!$R:$R,$A18) -> 0 | AY18: =SUMIFS('BLC Subcont'!$AZ:$AZ,'BLC Subcont'!$I:$I,AZ$10,'BLC Subcont'!$R:$R,$A18) -> 0 | AZ18: =IFERROR(AY18/($I18*AZ$11),0) -> 0 | BA18: =IF(AZ18=0,0,INT(AZ18)+IF(MOD(AZ18,1)<0.5,0.5,1)) -> 0 | BB18: =SUMIFS('BLC Subcont'!$AE:$AE,'BLC Subcont'!$I:$I,BD$10,'BLC Subcont'!$R:$R,$A18) -> 0 | BC18: =SUMIFS('BLC Subcont'!$AZ:$AZ,'BLC Subcont'!$I:$I,BD$10,'BLC Subcont'!$R:$R,$A18) -> 0 | BD18: =IFERROR(BC18/($I18*BD$11),0) -> 0 | BE18: =IF(BD18=0,0,INT(BD18)+IF(MOD(BD18,1)<0.5,0.5,1)) -> 0 | BI18: =AT18+BQ18 -> 0 | BJ18: =AU18+BR18 -> 0 | BK18: =IFERROR(BJ18/($I18*BK$11),0) -> 0 | BL18: =IF(BK18=0,0,INT(BK18)+IF(MOD(BK18,1)<0.5,0.5,1)) -> 0 | BM18: =AX18+BU18 -> 0 | BN18: =AY18+BV18 -> 0 | BO18: =IFERROR(BN18/($I18*BO$11),0) -> 0 | BP18: =IF(BO18=0,0,INT(BO18)+IF(MOD(BO18,1)<0.5,0.5,1)) -> 0 | BQ18: =SUMIFS(RCCP!$HX$8:$HX$136, RCCP!$A$8:$A$136,$A18, RCCP!$C$8:$C$136,$B18 )+ (SUMIFS(RCCP!$IC$8:$IC$136, RCCP!$A$8:$A$136,$A18, RCCP!$C$8:$C$136,$B18)/4) -> 0 | BR18: =SUMIFS(RCCP!$HX$8:$HX$136, RCCP!$A$8:$A$136,$A18, RCCP!$C$8:$C$136,$B18 )+ (SUMIFS(RCCP!$IC$8:$IC$136, RCCP!$A$8:$A$136,$A18, RCCP!$C$8:$C$136,$B18)/4) -> 0 | BS18: =IFERROR(BR18/($I18*BS$11),0) -> 0 | BT18: =IF(BS18=0,0,INT(BS18)+IF(MOD(BS18,1)<0.5,0.5,1)) -> 0 | BU18: =SUMIFS(RCCP!$HY$8:$HY$136, RCCP!$A$8:$A$136,$A18, RCCP!$C$8:$C$136,$B18 )+ (SUMIFS(RCCP!$IC$8:$IC$136, RCCP!$A$8:$A$136,$A18, RCCP!$C$8:$C$136,$B18)/4) -> 0 | BV18: =SUMIFS(RCCP!$HY$8:$HY$136, RCCP!$A$8:$A$136,$A18, RCCP!$C$8:$C$136,$B18 )+ (SUMIFS(RCCP!$IC$8:$IC$136, RCCP!$A$8:$A$136,$A18, RCCP!$C$8:$C$136,$B18)/4) -> 0 | BW18: =IFERROR(BV18/($I18*BW$11),0) -> 0 | BX18: =IF(BW18=0,0,INT(BW18)+IF(MOD(BW18,1)<0.5,0.5,1)) -> 0 | BY18: =SUMIFS(RCCP!$HZ$8:$HZ$136, RCCP!$A$8:$A$136,$A18, RCCP!$C$8:$C$136,$B18 )+ (SUMIFS(RCCP!$IC$8:$IC$136, RCCP!$A$8:$A$136,$A18, RCCP!$C$8:$C$136,$B18)/4) -> 0 | BZ18: =SUMIFS(RCCP!$HZ$8:$HZ$136, RCCP!$A$8:$A$136,$A18, RCCP!$C$8:$C$136,$B18 )+ (SUMIFS(RCCP!$IC$8:$IC$136, RCCP!$A$8:$A$136,$A18, RCCP!$C$8:$C$136,$B18)/4) -> 0 | CA18: =IFERROR(BZ18/($I18*CA$11),0) -> 0 | CB18: =IF(CA18=0,0,INT(CA18)+IF(MOD(CA18,1)<0.5,0.5,1)) -> 0 | CC18: =SUMIFS(RCCP!$IA$8:$IA$136, RCCP!$A$8:$A$136,$A18, RCCP!$C$8:$C$136,$B18 )+ (SUMIFS(RCCP!$IC$8:$IC$136, RCCP!$A$8:$A$136,$A18, RCCP!$C$8:$C$136,$B18)/4) -> 8886 | CD18: =SUMIFS(RCCP!$IA$8:$IA$136, RCCP!$A$8:$A$136,$A18, RCCP!$C$8:$C$136,$B18 )+ (SUMIFS(RCCP!$IC$8:$IC$136, RCCP!$A$8:$A$136,$A18, RCCP!$C$8:$C$136,$B18)/4) -> 8886 | CE18: =IFERROR(CD18/($I18*CE$11),0) -> 2.1833997 | CF18: =IF(CE18=0,0,INT(CE18)+IF(MOD(CE18,1)<0.5,0.5,1)) -> 2.5 | CG18: =SUMIFS(RCCP!$IF$8:$IF$136, RCCP!$A$8:$A$136,$A18, RCCP!$C$8:$C$136,$B18 )+ (SUMIFS(RCCP!$IK$8:$IK$136, RCCP!$A$8:$A$136,$A18, RCCP!$C$8:$C$136,$B18)/4) -> 3966 | CH18: =SUMIFS(RCCP!$IF$8:$IF$136, RCCP!$A$8:$A$136,$A18, RCCP!$C$8:$C$136,$B18 )+ (SUMIFS(RCCP!$IK$8:$IK$136, RCCP!$A$8:$A$136,$A18, RCCP!$C$8:$C$136,$B18)/4) -> 3966 | CI18: =IFERROR(CH18/($I18*CI$11),0) -> 0.97449506 | CJ18: =IF(CI18=0,0,INT(CI18)+IF(MOD(CI18,1)<0.5,0.5,1)) -> 1 | CK18: =SUMIFS(RCCP!$IG$8:$IG$136, RCCP!$A$8:$A$136,$A18, RCCP!$C$8:$C$136,$B18 )+ (SUMIFS(RCCP!$IK$8:$IK$136, RCCP!$A$8:$A$136,$A18, RCCP!$C$8:$C$136,$B18)/4) -> 0 | CL18: =SUMIFS(RCCP!$IG$8:$IG$136, RCCP!$A$8:$A$136,$A18, RCCP!$C$8:$C$136,$B18 )+ (SUMIFS(RCCP!$IK$8:$IK$136, RCCP!$A$8:$A$136,$A18, RCCP!$C$8:$C$136,$B18)/4) -> 0 | CM18: =IFERROR(CL18/($I18*CM$11),0) -> 0 | CN18: =IF(CM18=0,0,INT(CM18)+IF(MOD(CM18,1)<0.5,0.5,1)) -> 0 | CO18: =SUMIFS(RCCP!$IH$8:$IH$136, RCCP!$A$8:$A$136,$A18, RCCP!$C$8:$C$136,$B18 )+ (SUMIFS(RCCP!$IK$8:$IK$136, RCCP!$A$8:$A$136,$A18, RCCP!$C$8:$C$136,$B18)/4) -> 0 | CP18: =SUMIFS(RCCP!$IH$8:$IH$136, RCCP!$A$8:$A$136,$A18, RCCP!$C$8:$C$136,$B18 )+ (SUMIFS(RCCP!$IK$8:$IK$136, RCCP!$A$8:$A$136,$A18, RCCP!$C$8:$C$136,$B18)/4) -> 0 | CQ18: =IFERROR(CP18/($I18*CQ$11),0) -> 0 | CR18: =IF(CQ18=0,0,INT(CQ18)+IF(MOD(CQ18,1)<0.5,0.5,1)) -> 0 | CS18: =SUMIFS(RCCP!$II$8:$II$136, RCCP!$A$8:$A$136,$A18, RCCP!$C$8:$C$136,$B18 )+ (SUMIFS(RCCP!$IK$8:$IK$136, RCCP!$A$8:$A$136,$A18, RCCP!$C$8:$C$136,$B18)/4) -> 0 | CT18: =SUMIFS(RCCP!$II$8:$II$136, RCCP!$A$8:$A$136,$A18, RCCP!$C$8:$C$136,$B18 )+ (SUMIFS(RCCP!$IK$8:$IK$136, RCCP!$A$8:$A$136,$A18, RCCP!$C$8:$C$136,$B18)/4) -> 0 | CU18: =IFERROR(CT18/($I18*CU$11),0) -> 0 | CV18: =IF(CU18=0,0,INT(CU18)+IF(MOD(CU18,1)<0.5,0.5,1)) -> 0 | CW18: =SUMIFS(RCCP!$IN$8:$IN$136, RCCP!$A$8:$A$136,$A18, RCCP!$C$8:$C$136,$B18 )+ (SUMIFS(RCCP!$IT$8:$IT$136, RCCP!$A$8:$A$136,$A18, RCCP!$C$8:$C$136,$B18)/5) -> 0 | CX18: =SUMIFS(RCCP!$IN$8:$IN$136, RCCP!$A$8:$A$136,$A18, RCCP!$C$8:$C$136,$B18 )+ (SUMIFS(RCCP!$IT$8:$IT$136, RCCP!$A$8:$A$136,$A18, RCCP!$C$8:$C$136,$B18)/5) -> 0 | CY18: =IFERROR(CX18/($I18*CY$11),0) -> 0 | CZ18: =IF(CY18=0,0,INT(CY18)+IF(MOD(CY18,1)<0.5,0.5,1)) -> 0 | DA18: =SUMIFS(RCCP!$IO$8:$IO$136, RCCP!$A$8:$A$136,$A18, RCCP!$C$8:$C$136,$B18 )+ (SUMIFS(RCCP!$IT$8:$IT$136, RCCP!$A$8:$A$136,$A18, RCCP!$C$8:$C$136,$B18)/5) -> 1140 | DB18: =SUMIFS(RCCP!$IO$8:$IO$136, RCCP!$A$8:$A$136,$A18, RCCP!$C$8:$C$136,$B18 )+ (SUMIFS(RCCP!$IT$8:$IT$136, RCCP!$A$8:$A$136,$A18, RCCP!$C$8:$C$136,$B18)/5) -> 1140 | DC18: =IFERROR(DB18/($I18*DC$11),0) -> 0.28011204 | DD18: =IF(DC18=0,0,INT(DC18)+IF(MOD(DC18,1)<0.5,0.5,1)) -> 0.5 | DE18: =SUMIFS(RCCP!$IP$8:$IP$136, RCCP!$A$8:$A$136,$A18, RCCP!$C$8:$C$136,$B18 )+ (SUMIFS(RCCP!$IT$8:$IT$136, RCCP!$A$8:$A$136,$A18, RCCP!$C$8:$C$136,$B18)/5) -> 0 | DF18: =SUMIFS(RCCP!$IP$8:$IP$136, RCCP!$A$8:$A$136,$A18, RCCP!$C$8:$C$136,$B18 )+ (SUMIFS(RCCP!$IT$8:$IT$136, RCCP!$A$8:$A$136,$A18, RCCP!$C$8:$C$136,$B18)/5) -> 0 | DG18: =IFERROR(DF18/($I18*DG$11),0) -> 0 | DH18: =IF(DG18=0,0,INT(DG18)+IF(MOD(DG18,1)<0.5,0.5,1)) -> 0 | DI18: =SUMIFS(RCCP!$IQ$8:$IQ$136, RCCP!$A$8:$A$136,$A18, RCCP!$C$8:$C$136,$B18 )+ (SUMIFS(RCCP!$IT$8:$IT$136, RCCP!$A$8:$A$136,$A18, RCCP!$C$8:$C$136,$B18)/5) -> 0 | DJ18: =SUMIFS(RCCP!$IQ$8:$IQ$136, RCCP!$A$8:$A$136,$A18, RCCP!$C$8:$C$136,$B18 )+ (SUMIFS(RCCP!$IT$8:$IT$136, RCCP!$A$8:$A$136,$A18, RCCP!$C$8:$C$136,$B18)/5) -> 0 | DK18: =IFERROR(DJ18/($I18*DK$11),0) -> 0 | DL18: =IF(DK18=0,0,INT(DK18)+IF(MOD(DK18,1)<0.5,0.5,1)) -> 0 | DM18: =SUMIFS(RCCP!$IR$8:$IR$136, RCCP!$A$8:$A$136,$A18, RCCP!$C$8:$C$136,$B18 )+ (SUMIFS(RCCP!$IT$8:$IT$136, RCCP!$A$8:$A$136,$A18, RCCP!$C$8:$C$136,$B18)/5) -> 0 | DN18: =SUMIFS(RCCP!$IR$8:$IR$136, RCCP!$A$8:$A$136,$A18, RCCP!$C$8:$C$136,$B18 )+ (SUMIFS(RCCP!$IT$8:$IT$136, RCCP!$A$8:$A$136,$A18, RCCP!$C$8:$C$136,$B18)/5) -> 0 | DO18: =IFERROR(DN18/($I18*DO$11),0) -> 0 | DP18: =IF(DO18=0,0,INT(DO18)+IF(MOD(DO18,1)<0.5,0.5,1)) -> 0 | DQ18: =SUMIFS(RCCP!$IW$8:$IW$136, RCCP!$A$8:$A$136,$A18, RCCP!$C$8:$C$136,$B18 )+ (SUMIFS(RCCP!$JB$8:$JB$136, RCCP!$A$8:$A$136,$A18, RCCP!$C$8:$C$136,$B18)/4) -> 288 | DR18: =SUMIFS(RCCP!$IW$8:$IW$136, RCCP!$A$8:$A$136,$A18, RCCP!$C$8:$C$136,$B18 )+ (SUMIFS(RCCP!$JB$8:$JB$136, RCCP!$A$8:$A$136,$A18, RCCP!$C$8:$C$136,$B18)/4) -> 288 | DS18: =IFERROR(DR18/($I18*DS$11),0) -> 0.085821563 | DT18: =IF(DS18=0,0,INT(DS18)+IF(MOD(DS18,1)<0.5,0.5,1)) -> 0.5 | DU18: =SUMIFS(RCCP!$IX$8:$IX$136, RCCP!$A$8:$A$136,$A18, RCCP!$C$8:$C$136,$B18 )+ (SUMIFS(RCCP!$JB$8:$JB$136, RCCP!$A$8:$A$136,$A18, RCCP!$C$8:$C$136,$B18)/4) -> 0 | DV18: =SUMIFS(RCCP!$IX$8:$IX$136, RCCP!$A$8:$A$136,$A18, RCCP!$C$8:$C$136,$B18 )+ (SUMIFS(RCCP!$JB$8:$JB$136, RCCP!$A$8:$A$136,$A18, RCCP!$C$8:$C$136,$B18)/4) -> 0 | DW18: =IFERROR(DV18/($I18*DW$11),0) -> 0 | DX18: =IF(DW18=0,0,INT(DW18)+IF(MOD(DW18,1)<0.5,0.5,1)) -> 0 | DY18: =SUMIFS(RCCP!$IY$8:$IY$136, RCCP!$A$8:$A$136,$A18, RCCP!$C$8:$C$136,$B18 )+ (SUMIFS(RCCP!$JB$8:$JB$136, RCCP!$A$8:$A$136,$A18, RCCP!$C$8:$C$136,$B18)/4) -> 0 | DZ18: =SUMIFS(RCCP!$IY$8:$IY$136, RCCP!$A$8:$A$136,$A18, RCCP!$C$8:$C$136,$B18 )+ (SUMIFS(RCCP!$JB$8:$JB$136, RCCP!$A$8:$A$136,$A18, RCCP!$C$8:$C$136,$B18)/4) -> 0 | EA18: =IFERROR(DZ18/($I18*EA$11),0) -> 0 | EB18: =IF(EA18=0,0,INT(EA18)+IF(MOD(EA18,1)<0.5,0.5,1)) -> 0 | EC18: =SUMIFS(RCCP!$IZ$8:$IZ$136, RCCP!$A$8:$A$136,$A18, RCCP!$C$8:$C$136,$B18 )+ (SUMIFS(RCCP!$JB$8:$JB$136, RCCP!$A$8:$A$136,$A18, RCCP!$C$8:$C$136,$B18)/4) -> 0 | ED18: =SUMIFS(RCCP!$IZ$8:$IZ$136, RCCP!$A$8:$A$136,$A18, RCCP!$C$8:$C$136,$B18 )+ (SUMIFS(RCCP!$JB$8:$JB$136, RCCP!$A$8:$A$136,$A18, RCCP!$C$8:$C$136,$B18)/4) -> 0 | EE18: =IFERROR(ED18/($I18*EE$11),0) -> 0 | EF18: =IF(EE18=0,0,INT(EE18)+IF(MOD(EE18,1)<0.5,0.5,1)) -> 0 | EG18: =SUMIFS(RCCP!$JE$8:$JE$136, RCCP!$A$8:$A$136,$A18, RCCP!$C$8:$C$136,$B18 )+ (SUMIFS(RCCP!$JJ$8:$JJ$136, RCCP!$A$8:$A$136,$A18, RCCP!$C$8:$C$136,$B18)/4) -> 0 | EH18: =SUMIFS(RCCP!$JE$8:$JE$136, RCCP!$A$8:$A$136,$A18, RCCP!$C$8:$C$136,$B18 )+ (SUMIFS(RCCP!$JJ$8:$JJ$136, RCCP!$A$8:$A$136,$A18, RCCP!$C$8:$C$136,$B18)/4) -> 0 | EI18: =IFERROR(EH18/($I18*EI$11),0) -> 0 | EJ18: =IF(EI18=0,0,INT(EI18)+IF(MOD(EI18,1)<0.5,0.5,1)) -> 0 | EK18: =SUMIFS(RCCP!$JF$8:$JF$136, RCCP!$A$8:$A$136,$A18, RCCP!$C$8:$C$136,$B18 )+ (SUMIFS(RCCP!$JJ$8:$JJ$136, RCCP!$A$8:$A$136,$A18, RCCP!$C$8:$C$136,$B18)/4) -> 0 | EL18: =SUMIFS(RCCP!$JF$8:$JF$136, RCCP!$A$8:$A$136,$A18, RCCP!$C$8:$C$136,$B18 )+ (SUMIFS(RCCP!$JJ$8:$JJ$136, RCCP!$A$8:$A$136,$A18, RCCP!$C$8:$C$136,$B18)/4) -> 0 | EM18: =IFERROR(EL18/($I18*EM$11),0) -> 0 | EN18: =IF(EM18=0,0,INT(EM18)+IF(MOD(EM18,1)<0.5,0.5,1)) -> 0 | EO18: =SUMIFS(RCCP!$JG$8:$JG$136, RCCP!$A$8:$A$136,$A18, RCCP!$C$8:$C$136,$B18 )+ (SUMIFS(RCCP!$JJ$8:$JJ$136, RCCP!$A$8:$A$136,$A18, RCCP!$C$8:$C$136,$B18)/4) -> 0 | EP18: =SUMIFS(RCCP!$JG$8:$JG$136, RCCP!$A$8:$A$136,$A18, RCCP!$C$8:$C$136,$B18 )+ (SUMIFS(RCCP!$JJ$8:$JJ$136, RCCP!$A$8:$A$136,$A18, RCCP!$C$8:$C$136,$B18)/4) -> 0 | EQ18: =IFERROR(EP18/($I18*EQ$11),0) -> 0 | ER18: =IF(EQ18=0,0,INT(EQ18)+IF(MOD(EQ18,1)<0.5,0.5,1)) -> 0 | ES18: =SUMIFS(RCCP!$JH$8:$JH$136, RCCP!$A$8:$A$136,$A18, RCCP!$C$8:$C$136,$B18 )+ (SUMIFS(RCCP!$JJ$8:$JJ$136, RCCP!$A$8:$A$136,$A18, RCCP!$C$8:$C$136,$B18)/4) -> 0 | ET18: =SUMIFS(RCCP!$JH$8:$JH$136, RCCP!$A$8:$A$136,$A18, RCCP!$C$8:$C$136,$B18 )+ (SUMIFS(RCCP!$JJ$8:$JJ$136, RCCP!$A$8:$A$136,$A18, RCCP!$C$8:$C$136,$B18)/4) -> 0 | EU18: =IFERROR(ET18/($I18*EU$11),0) -> 0 | EV18: =IF(EU18=0,0,INT(EU18)+IF(MOD(EU18,1)<0.5,0.5,1)) -> 0
